The Shawshank Redemption;9.3;0;0;0;0;0;0;1;0;0;0;0;0;0;0;0;0;0;0;0;0;0
The Godfather;9.2;0;0;0;0;0;1;1;0;0;0;0;0;0;0;0;0;0;0;0;0;0
The Dark Knight;9;0;0;0;0;0;1;1;0;0;0;0;0;0;0;0;0;0;0;0;0;0
The Godfather: Part II;9;0;0;0;0;0;1;1;0;0;0;0;0;0;0;0;0;0;0;0;0;0
12 Angry Men;9;0;0;0;0;0;1;1;0;0;0;0;0;0;0;0;0;0;0;0;0;0
The Lord of the Rings: The Return of the King;8.9;0;1;0;0;0;0;1;0;0;0;0;0;0;0;0;0;0;0;0;0;0
Pulp Fiction;8.9;0;0;0;0;0;1;1;0;0;0;0;0;0;0;0;0;0;0;0;0;0
Schindler's List;8.9;0;0;0;1;0;0;1;0;0;0;1;0;0;0;0;0;0;0;0;0;0
Inception;8.8;0;1;0;0;0;0;0;0;0;0;0;0;0;0;0;0;1;0;0;0;0
Fight Club;8.8;0;0;0;0;0;0;1;0;0;0;0;0;0;0;0;0;0;0;0;0;0
The Lord of the Rings: The Fellowship of the Ring;8.8;0;1;0;0;0;0;1;0;0;0;0;0;0;0;0;0;0;0;0;0;0
Forrest Gump;8.8;0;0;0;0;0;0;1;0;0;0;0;0;0;0;0;1;0;0;0;0;0
Il buono, il brutto, il cattivo;8.8;0;0;0;0;0;0;0;0;0;0;0;0;0;0;0;0;0;0;0;0;1
The Lord of the Rings: The Two Towers;8.7;0;1;0;0;0;0;1;0;0;0;0;0;0;0;0;0;0;0;0;0;0
The Matrix;8.7;0;0;0;0;0;0;0;0;0;0;0;0;0;0;0;0;1;0;0;0;0
Goodfellas;8.7;0;0;0;1;0;1;1;0;0;0;0;0;0;0;0;0;0;0;0;0;0
Star Wars: Episode V - The Empire Strikes Back;8.7;0;1;0;0;0;0;0;0;1;0;0;0;0;0;0;0;0;0;0;0;0
One Flew Over the Cuckoo's Nest;8.7;0;0;0;0;0;0;1;0;0;0;0;0;0;0;0;0;0;0;0;0;0
Hamilton;8.6;0;0;0;1;0;0;1;0;0;0;1;0;0;0;0;0;0;0;0;0;0
Gisaengchung;8.6;0;0;0;0;1;0;1;0;0;0;0;0;0;0;0;0;0;0;1;0;0
Soorarai Pottru;8.6;0;0;0;0;0;0;1;0;0;0;0;0;0;0;0;0;0;0;0;0;0
Interstellar;8.6;0;1;0;0;0;0;1;0;0;0;0;0;0;0;0;0;1;0;0;0;0
Cidade de Deus;8.6;0;0;0;0;0;1;1;0;0;0;0;0;0;0;0;0;0;0;0;0;0
Sen to Chihiro no kamikakushi;8.6;0;1;1;0;0;0;0;1;0;0;0;0;0;0;0;0;0;0;0;0;0
Saving Private Ryan;8.6;0;0;0;0;0;0;1;0;0;0;0;0;0;0;0;0;0;0;0;1;0
The Green Mile;8.6;0;0;0;0;0;1;1;0;1;0;0;0;0;0;0;0;0;0;0;0;0
La vita è bella;8.6;0;0;0;0;1;0;1;0;0;0;0;0;0;0;0;1;0;0;0;0;0
Se7en;8.6;0;0;0;0;0;1;1;0;0;0;0;0;0;0;1;0;0;0;0;0;0
The Silence of the Lambs;8.6;0;0;0;0;0;1;1;0;0;0;0;0;0;0;0;0;0;0;1;0;0
Star Wars;8.6;0;1;0;0;0;0;0;0;1;0;0;0;0;0;0;0;0;0;0;0;0
Seppuku;8.6;0;0;0;0;0;0;1;0;0;0;0;0;0;0;1;0;0;0;0;0;0
Shichinin no samurai;8.6;0;1;0;0;0;0;1;0;0;0;0;0;0;0;0;0;0;0;0;0;0
It's a Wonderful Life;8.6;0;0;0;0;0;0;1;1;1;0;0;0;0;0;0;0;0;0;0;0;0
Joker;8.5;0;0;0;0;0;1;1;0;0;0;0;0;0;0;0;0;0;0;1;0;0
Whiplash;8.5;0;0;0;0;0;0;1;0;0;0;0;0;1;0;0;0;0;0;0;0;0
The Intouchables;8.5;0;0;0;1;1;0;1;0;0;0;0;0;0;0;0;0;0;0;0;0;0
The Prestige;8.5;0;0;0;0;0;0;1;0;0;0;0;0;0;0;1;0;1;0;0;0;0
The Departed;8.5;0;0;0;0;0;1;1;0;0;0;0;0;0;0;0;0;0;0;1;0;0
The Pianist;8.5;0;0;0;1;0;0;1;0;0;0;0;0;1;0;0;0;0;0;0;0;0
Gladiator;8.5;0;1;0;0;0;0;1;0;0;0;0;0;0;0;0;0;0;0;0;0;0
American History X;8.5;0;0;0;0;0;0;1;0;0;0;0;0;0;0;0;0;0;0;0;0;0
The Usual Suspects;8.5;0;0;0;0;0;1;0;0;0;0;0;0;0;0;1;0;0;0;1;0;0
Léon;8.5;0;0;0;0;0;1;1;0;0;0;0;0;0;0;0;0;0;0;0;0;0
The Lion King;8.5;0;1;1;0;0;0;1;0;0;0;0;0;0;0;0;0;0;0;0;0;0
Terminator 2: Judgment Day;8.5;0;0;0;0;0;0;0;0;0;0;0;0;0;0;0;0;1;0;0;0;0
Nuovo Cinema Paradiso;8.5;0;0;0;0;0;0;1;0;0;0;0;0;0;0;0;1;0;0;0;0;0
Hotaru no haka;8.5;0;0;1;0;0;0;1;0;0;0;0;0;0;0;0;0;0;0;0;1;0
Back to the Future;8.5;0;1;0;0;1;0;0;0;0;0;0;0;0;0;0;0;1;0;0;0;0
Once Upon a Time in the West;8.5;0;0;0;0;0;0;0;0;0;0;0;0;0;0;0;0;0;0;0;0;1
Psycho;8.5;0;0;0;0;0;0;0;0;0;0;0;1;0;0;1;0;0;0;1;0;0
Casablanca;8.5;0;0;0;0;0;0;1;0;0;0;0;0;0;0;0;1;0;0;0;1;0
Modern Times;8.5;0;0;0;0;1;0;1;1;0;0;0;0;0;0;0;0;0;0;0;0;0
City Lights;8.5;0;0;0;0;1;0;1;0;0;0;0;0;0;0;0;1;0;0;0;0;0
Capharnaüm;8.4;0;0;0;0;0;0;1;0;0;0;0;0;0;0;0;0;0;0;0;0;0
Ayla: The Daughter of War;8.4;0;0;0;1;0;0;1;0;0;0;1;0;0;0;0;0;0;0;0;0;0
Vikram Vedha;8.4;0;0;0;0;0;1;1;0;0;0;0;0;0;0;0;0;0;0;0;0;0
Kimi no na wa.;8.4;0;0;1;0;0;0;1;0;1;0;0;0;0;0;0;0;0;0;0;0;0
Dangal;8.4;0;0;0;1;0;0;1;0;0;0;0;0;0;0;0;0;0;0;0;0;0
Spider-Man: Into the Spider-Verse;8.4;0;1;1;0;0;0;0;0;0;0;0;0;0;0;0;0;0;0;0;0;0
Avengers: Endgame;8.4;0;1;0;0;0;0;1;0;0;0;0;0;0;0;0;0;0;0;0;0;0
Avengers: Infinity War;8.4;0;1;0;0;0;0;0;0;0;0;0;0;0;0;0;0;1;0;0;0;0
Coco;8.4;0;1;1;0;0;0;0;1;0;0;0;0;0;0;0;0;0;0;0;0;0
Django Unchained;8.4;0;0;0;0;0;0;1;0;0;0;0;0;0;0;0;0;0;0;0;0;1
The Dark Knight Rises;8.4;0;1;0;0;0;0;0;0;0;0;0;0;0;0;0;0;0;0;0;0;0
3 Idiots;8.4;0;0;0;0;1;0;1;0;0;0;0;0;0;0;0;0;0;0;0;0;0
Taare Zameen Par;8.4;0;0;0;0;0;0;1;1;0;0;0;0;0;0;0;0;0;0;0;0;0
WALL·E;8.4;0;1;1;0;0;0;0;1;0;0;0;0;0;0;0;0;0;0;0;0;0
The Lives of Others;8.4;0;0;0;0;0;0;1;0;0;0;0;0;0;0;1;0;0;0;1;0;0
Oldeuboi;8.4;0;0;0;0;0;0;1;0;0;0;0;0;0;0;1;0;0;0;0;0;0
Memento;8.4;0;0;0;0;0;0;0;0;0;0;0;0;0;0;1;0;0;0;1;0;0
Mononoke-hime;8.4;0;1;1;0;0;0;0;0;0;0;0;0;0;0;0;0;0;0;0;0;0
Once Upon a Time in America;8.4;0;0;0;0;0;1;1;0;0;0;0;0;0;0;0;0;0;0;0;0;0
Raiders of the Lost Ark;8.4;0;1;0;0;0;0;0;0;0;0;0;0;0;0;0;0;0;0;0;0;0
The Shining;8.4;0;0;0;0;0;0;1;0;0;0;0;1;0;0;0;0;0;0;0;0;0
Apocalypse Now;8.4;0;0;0;0;0;0;1;0;0;0;0;0;0;0;1;0;0;0;0;1;0
Alien;8.4;0;0;0;0;0;0;0;0;0;0;0;1;0;0;0;0;1;0;0;0;0
Anand;8.4;0;0;0;0;0;0;1;0;0;0;0;0;0;1;0;0;0;0;0;0;0
Tengoku to jigoku;8.4;0;0;0;0;0;1;1;0;0;0;0;0;0;0;1;0;0;0;0;0;0
Dr. Strangelove or: How I Learned to Stop Worrying and Love the Bomb;8.4;0;0;0;0;1;0;0;0;0;0;0;0;0;0;0;0;0;0;0;0;0
Witness for the Prosecution;8.4;0;0;0;0;0;1;1;0;0;0;0;0;0;0;1;0;0;0;0;0;0
Paths of Glory;8.4;0;0;0;0;0;0;1;0;0;0;0;0;0;0;0;0;0;0;0;1;0
Rear Window;8.4;0;0;0;0;0;0;0;0;0;0;0;0;0;0;1;0;0;0;1;0;0
Sunset Blvd.;8.4;0;0;0;0;0;0;1;0;0;1;0;0;0;0;0;0;0;0;0;0;0
The Great Dictator;8.4;0;0;0;0;1;0;1;0;0;0;0;0;0;0;0;0;0;0;0;1;0
1917;8.3;0;0;0;0;0;0;1;0;0;0;0;0;0;0;0;0;0;0;1;1;0
Tumbbad;8.3;0;0;0;0;0;0;1;0;1;0;0;1;0;0;0;0;0;0;0;0;0
Andhadhun;8.3;0;0;0;0;0;1;1;0;0;0;0;0;1;0;0;0;0;0;0;0;0
Drishyam;8.3;0;0;0;0;0;1;1;0;0;0;0;0;0;0;0;0;0;0;1;0;0
Jagten;8.3;0;0;0;0;0;0;1;0;0;0;0;0;0;0;0;0;0;0;0;0;0
Jodaeiye Nader az Simin;8.3;0;0;0;0;0;0;1;0;0;0;0;0;0;0;0;0;0;0;0;0;0
Incendies;8.3;0;0;0;0;0;0;1;0;0;0;0;0;0;0;1;0;0;0;0;1;0
Miracle in cell NO.7;8.3;0;0;0;0;0;0;1;0;0;0;0;0;0;0;0;0;0;0;0;0;0
Babam ve Oglum;8.3;0;0;0;0;0;0;1;1;0;0;0;0;0;0;0;0;0;0;0;0;0
Inglourious Basterds;8.3;0;1;0;0;0;0;1;0;0;0;0;0;0;0;0;0;0;0;0;1;0
Eternal Sunshine of the Spotless Mind;8.3;0;0;0;0;0;0;1;0;0;0;0;0;0;0;0;1;1;0;0;0;0
Amélie;8.3;0;0;0;0;1;0;0;0;0;0;0;0;0;0;0;1;0;0;0;0;0
Snatch;8.3;0;0;0;0;1;1;0;0;0;0;0;0;0;0;0;0;0;0;0;0;0
Requiem for a Dream;8.3;0;0;0;0;0;0;1;0;0;0;0;0;0;0;0;0;0;0;0;0;0
American Beauty;8.3;0;0;0;0;0;0;1;0;0;0;0;0;0;0;0;0;0;0;0;0;0
Good Will Hunting;8.3;0;0;0;0;0;0;1;0;0;0;0;0;0;0;0;1;0;0;0;0;0
Bacheha-Ye aseman;8.3;0;0;0;0;0;0;1;1;0;0;0;0;0;0;0;0;0;1;0;0;0
Toy Story;8.3;0;1;1;0;1;0;0;0;0;0;0;0;0;0;0;0;0;0;0;0;0
Braveheart;8.3;0;0;0;1;0;0;1;0;0;0;1;0;0;0;0;0;0;0;0;0;0
Reservoir Dogs;8.3;0;0;0;0;0;1;1;0;0;0;0;0;0;0;0;0;0;0;1;0;0
Full Metal Jacket;8.3;0;0;0;0;0;0;1;0;0;0;0;0;0;0;0;0;0;0;0;1;0
Idi i smotri;8.3;0;0;0;0;0;0;1;0;0;0;0;0;0;0;0;0;0;0;1;1;0
Aliens;8.3;0;1;0;0;0;0;0;0;0;0;0;0;0;0;0;0;1;0;0;0;0
Amadeus;8.3;0;0;0;1;0;0;1;0;0;0;1;0;0;0;0;0;0;0;0;0;0
Scarface;8.3;0;0;0;0;0;1;1;0;0;0;0;0;0;0;0;0;0;0;0;0;0
Star Wars: Episode VI - Return of the Jedi;8.3;0;1;0;0;0;0;0;0;1;0;0;0;0;0;0;0;0;0;0;0;0
Das Boot;8.3;0;1;0;0;0;0;1;0;0;0;0;0;0;0;0;0;0;0;1;0;0
Taxi Driver;8.3;0;0;0;0;0;1;1;0;0;0;0;0;0;0;0;0;0;0;0;0;0
The Sting;8.3;0;0;0;0;1;1;1;0;0;0;0;0;0;0;0;0;0;0;0;0;0
A Clockwork Orange;8.3;0;0;0;0;0;1;1;0;0;0;0;0;0;0;0;0;1;0;0;0;0
2001: A Space Odyssey;8.3;0;1;0;0;0;0;0;0;0;0;0;0;0;0;0;0;1;0;0;0;0
Per qualche dollaro in più;8.3;0;0;0;0;0;0;0;0;0;0;0;0;0;0;0;0;0;0;0;0;1
Lawrence of Arabia;8.3;0;1;0;1;0;0;1;0;0;0;0;0;0;0;0;0;0;0;0;0;0
The Apartment;8.3;0;0;0;0;1;0;1;0;0;0;0;0;0;0;0;1;0;0;0;0;0
North by Northwest;8.3;0;1;0;0;0;0;0;0;0;0;0;0;0;0;1;0;0;0;1;0;0
Vertigo;8.3;0;0;0;0;0;0;0;0;0;0;0;0;0;0;1;1;0;0;1;0;0
Singin' in the Rain;8.3;0;0;0;0;1;0;0;0;0;0;0;0;0;1;0;1;0;0;0;0;0
Ikiru;8.3;0;0;0;0;0;0;1;0;0;0;0;0;0;0;0;0;0;0;0;0;0
Ladri di biciclette;8.3;0;0;0;0;0;0;1;0;0;0;0;0;0;0;0;0;0;0;0;0;0
Double Indemnity;8.3;0;0;0;0;0;1;1;0;0;1;0;0;0;0;0;0;0;0;0;0;0
Citizen Kane;8.3;0;0;0;0;0;0;1;0;0;0;0;0;0;0;1;0;0;0;0;0;0
M - Eine Stadt sucht einen Mörder;8.3;0;0;0;0;0;1;0;0;0;0;0;0;0;0;1;0;0;0;1;0;0
Metropolis;8.3;0;0;0;0;0;0;1;0;0;0;0;0;0;0;0;0;1;0;0;0;0
The Kid;8.3;0;0;0;0;1;0;1;1;0;0;0;0;0;0;0;0;0;0;0;0;0
Chhichhore;8.2;0;0;0;0;1;0;1;0;0;0;0;0;0;0;0;0;0;0;0;0;0
Uri: The Surgical Strike;8.2;0;0;0;0;0;0;1;0;0;0;0;0;0;0;0;0;0;0;0;1;0
K.G.F: Chapter 1;8.2;0;0;0;0;0;0;1;0;0;0;0;0;0;0;0;0;0;0;0;0;0
Green Book;8.2;0;0;0;1;1;0;1;0;0;0;0;0;0;0;0;0;0;0;0;0;0
Three Billboards Outside Ebbing, Missouri;8.2;0;0;0;0;1;1;1;0;0;0;0;0;0;0;0;0;0;0;0;0;0
Talvar;8.2;0;0;0;0;0;1;1;0;0;0;0;0;0;0;1;0;0;0;0;0;0
Baahubali 2: The Conclusion;8.2;0;0;0;0;0;0;1;0;0;0;0;0;0;0;0;0;0;0;0;0;0
Klaus;8.2;0;1;1;0;1;0;0;0;0;0;0;0;0;0;0;0;0;0;0;0;0
Drishyam;8.2;0;0;0;0;0;1;1;0;0;0;0;0;0;0;1;0;0;0;0;0;0
Queen;8.2;0;1;0;0;1;0;1;0;0;0;0;0;0;0;0;0;0;0;0;0;0
Mandariinid;8.2;0;0;0;0;0;0;1;0;0;0;0;0;0;0;0;0;0;0;0;1;0
Bhaag Milkha Bhaag;8.2;0;0;0;1;0;0;1;0;0;0;0;0;0;0;0;0;0;1;0;0;0
Gangs of Wasseypur;8.2;0;0;0;0;1;1;0;0;0;0;0;0;0;0;0;0;0;0;0;0;0
Udaan;8.2;0;0;0;0;0;0;1;0;0;0;0;0;0;0;0;0;0;0;0;0;0
Paan Singh Tomar;8.2;0;0;0;1;0;1;0;0;0;0;0;0;0;0;0;0;0;0;0;0;0
El secreto de sus ojos;8.2;0;0;0;0;0;0;1;0;0;0;0;0;0;0;1;1;0;0;0;0;0
Warrior;8.2;0;0;0;0;0;0;1;0;0;0;0;0;0;0;0;0;0;1;0;0;0
Shutter Island;8.2;0;0;0;0;0;0;0;0;0;0;0;0;0;0;1;0;0;0;1;0;0
Up;8.2;0;1;1;0;1;0;0;0;0;0;0;0;0;0;0;0;0;0;0;0;0
The Wolf of Wall Street;8.2;0;0;0;1;0;1;1;0;0;0;0;0;0;0;0;0;0;0;0;0;0
Chak De! India;8.2;0;0;0;0;0;0;1;1;0;0;0;0;0;0;0;0;0;1;0;0;0
There Will Be Blood;8.2;0;0;0;0;0;0;1;0;0;0;0;0;0;0;0;0;0;0;0;0;0
Pan's Labyrinth;8.2;0;0;0;0;0;0;1;0;1;0;0;0;0;0;0;0;0;0;0;1;0
Toy Story 3;8.2;0;1;1;0;1;0;0;0;0;0;0;0;0;0;0;0;0;0;0;0;0
V for Vendetta;8.2;0;0;0;0;0;0;1;0;0;0;0;0;0;0;0;0;1;0;0;0;0
Rang De Basanti;8.2;0;0;0;0;1;1;1;0;0;0;0;0;0;0;0;0;0;0;0;0;0
Black;8.2;0;0;0;0;0;0;1;0;0;0;0;0;0;0;0;0;0;0;0;0;0
Batman Begins;8.2;0;1;0;0;0;0;0;0;0;0;0;0;0;0;0;0;0;0;0;0;0
Swades: We, the People;8.2;0;0;0;0;0;0;1;0;0;0;0;0;0;0;0;0;0;0;0;0;0
Der Untergang;8.2;0;0;0;1;0;0;1;0;0;0;1;0;0;0;0;0;0;0;0;0;0
Hauru no ugoku shiro;8.2;0;1;1;0;0;0;0;1;0;0;0;0;0;0;0;0;0;0;0;0;0
A Beautiful Mind;8.2;0;0;0;1;0;0;1;0;0;0;0;0;0;0;0;0;0;0;0;0;0
Hera Pheri;8.2;0;0;0;0;1;1;0;0;0;0;0;0;0;0;0;0;0;0;0;0;0
Lock, Stock and Two Smoking Barrels;8.2;0;0;0;0;1;1;0;0;0;0;0;0;0;0;0;0;0;0;0;0;0
L.A. Confidential;8.2;0;0;0;0;0;1;1;0;0;0;0;0;0;0;1;0;0;0;0;0;0
Eskiya;8.2;0;0;0;0;0;1;1;0;0;0;0;0;0;0;0;0;0;0;1;0;0
Heat;8.2;0;0;0;0;0;1;1;0;0;0;0;0;0;0;0;0;0;0;1;0;0
Casino;8.2;0;0;0;0;0;1;1;0;0;0;0;0;0;0;0;0;0;0;0;0;0
Andaz Apna Apna;8.2;0;0;0;0;1;0;0;0;0;0;0;0;0;0;0;1;0;0;0;0;0
Unforgiven;8.2;0;0;0;0;0;0;1;0;0;0;0;0;0;0;0;0;0;0;0;0;1
Indiana Jones and the Last Crusade;8.2;0;1;0;0;0;0;0;0;0;0;0;0;0;0;0;0;0;0;0;0;0
Dom za vesanje;8.2;0;0;0;0;1;1;1;0;0;0;0;0;0;0;0;0;0;0;0;0;0
Tonari no Totoro;8.2;0;0;1;0;0;0;0;1;1;0;0;0;0;0;0;0;0;0;0;0;0
Die Hard;8.2;0;0;0;0;0;0;0;0;0;0;0;0;0;0;0;0;0;0;1;0;0
Ran;8.2;0;0;0;0;0;0;1;0;0;0;0;0;0;0;0;0;0;0;0;1;0
Raging Bull;8.2;0;0;0;1;0;0;1;0;0;0;0;0;0;0;0;0;0;1;0;0;0
Stalker;8.2;0;0;0;0;0;0;1;0;0;0;0;0;0;0;0;0;1;0;0;0;0
Höstsonaten;8.2;0;0;0;0;0;0;1;0;0;0;0;0;1;0;0;0;0;0;0;0;0
The Message;8.2;0;0;0;1;0;0;1;0;0;0;1;0;0;0;0;0;0;0;0;0;0
Sholay;8.2;0;1;0;0;1;0;0;0;0;0;0;0;0;0;0;0;0;0;0;0;0
Monty Python and the Holy Grail;8.2;0;1;0;0;1;0;0;0;1;0;0;0;0;0;0;0;0;0;0;0;0
The Great Escape;8.2;0;1;0;0;0;0;1;0;0;0;1;0;0;0;0;0;0;0;0;0;0
To Kill a Mockingbird;8.2;0;0;0;0;0;1;1;0;0;0;0;0;0;0;0;0;0;0;0;0;0
Yôjinbô;8.2;0;0;0;0;0;0;1;0;0;0;0;0;0;0;0;0;0;0;1;0;0
Judgment at Nuremberg;8.2;0;0;0;0;0;0;1;0;0;0;0;0;0;0;0;0;0;0;0;1;0
Some Like It Hot;8.2;0;0;0;0;1;0;0;0;0;0;0;0;1;0;0;1;0;0;0;0;0
Smultronstället;8.2;0;0;0;0;0;0;1;0;0;0;0;0;0;0;0;1;0;0;0;0;0
Det sjunde inseglet;8.2;0;0;0;0;0;0;1;0;1;0;1;0;0;0;0;0;0;0;0;0;0
Du rififi chez les hommes;8.2;0;0;0;0;0;1;1;0;0;0;0;0;0;0;0;0;0;0;1;0;0
Dial M for Murder;8.2;0;0;0;0;0;1;0;0;0;0;0;0;0;0;0;0;0;0;1;0;0
Tôkyô monogatari;8.2;0;0;0;0;0;0;1;0;0;0;0;0;0;0;0;0;0;0;0;0;0
Rashômon;8.2;0;0;0;0;0;1;1;0;0;0;0;0;0;0;1;0;0;0;0;0;0
All About Eve;8.2;0;0;0;0;0;0;1;0;0;0;0;0;0;0;0;0;0;0;0;0;0
The Treasure of the Sierra Madre;8.2;0;1;0;0;0;0;1;0;0;0;0;0;0;0;0;0;0;0;0;0;1
To Be or Not to Be;8.2;0;0;0;0;1;0;0;0;0;0;0;0;0;0;0;0;0;0;0;1;0
The Gold Rush;8.2;0;1;0;0;1;0;1;0;0;0;0;0;0;0;0;0;0;0;0;0;0
Sherlock Jr.;8.2;0;0;0;0;1;0;0;0;0;0;0;0;0;0;0;1;0;0;0;0;0
Portrait de la jeune fille en feu;8.1;0;0;0;0;0;0;1;0;0;0;0;0;0;0;0;1;0;0;0;0;0
Pink;8.1;0;0;0;0;0;0;1;0;0;0;0;0;0;0;0;0;0;0;1;0;0
Koe no katachi;8.1;0;0;1;0;0;0;1;1;0;0;0;0;0;0;0;0;0;0;0;0;0
Contratiempo;8.1;0;0;0;0;0;1;1;0;0;0;0;0;0;0;1;0;0;0;0;0;0
Ah-ga-ssi;8.1;0;0;0;0;0;0;1;0;0;0;0;0;0;0;0;1;0;0;1;0;0
Mommy;8.1;0;0;0;0;0;0;1;0;0;0;0;0;0;0;0;0;0;0;0;0;0
Haider;8.1;0;0;0;0;0;1;1;0;0;0;0;0;0;0;0;0;0;0;0;0;0
Logan;8.1;0;0;0;0;0;0;1;0;0;0;0;0;0;0;0;0;1;0;0;0;0
Room;8.1;0;0;0;0;0;0;1;0;0;0;0;0;0;0;0;0;0;0;1;0;0
Relatos salvajes;8.1;0;0;0;0;1;0;1;0;0;0;0;0;0;0;0;0;0;0;1;0;0
Soul;8.1;0;1;1;0;1;0;0;0;0;0;0;0;0;0;0;0;0;0;0;0;0
Kis Uykusu;8.1;0;0;0;0;0;0;1;0;0;0;0;0;0;0;0;0;0;0;0;0;0
PK;8.1;0;0;0;0;1;0;1;0;0;0;0;0;0;1;0;0;0;0;0;0;0
OMG: Oh My God!;8.1;0;0;0;0;1;0;1;0;1;0;0;0;0;0;0;0;0;0;0;0;0
The Grand Budapest Hotel;8.1;0;1;0;0;1;1;0;0;0;0;0;0;0;0;0;0;0;0;0;0;0
Gone Girl;8.1;0;0;0;0;0;0;1;0;0;0;0;0;0;0;1;0;0;0;1;0;0
Ôkami kodomo no Ame to Yuki;8.1;0;0;1;0;0;0;1;0;1;0;0;0;0;0;0;0;0;0;0;0;0
Hacksaw Ridge;8.1;0;0;0;1;0;0;1;0;0;0;1;0;0;0;0;0;0;0;0;0;0
Inside Out;8.1;0;1;1;0;1;0;0;0;0;0;0;0;0;0;0;0;0;0;0;0;0
Barfi!;8.1;0;0;0;0;1;0;1;0;0;0;0;0;0;0;0;1;0;0;0;0;0
12 Years a Slave;8.1;0;0;0;1;0;0;1;0;0;0;1;0;0;0;0;0;0;0;0;0;0
Rush;8.1;0;0;0;1;0;0;1;0;0;0;0;0;0;0;0;0;0;0;0;0;0
Ford v Ferrari;8.1;0;0;0;1;0;0;1;0;0;0;0;0;0;0;0;0;0;0;0;0;0
Spotlight;8.1;0;0;0;1;0;1;1;0;0;0;0;0;0;0;0;0;0;0;0;0;0
Song of the Sea;8.1;0;1;1;0;0;0;1;0;0;0;0;0;0;0;0;0;0;0;0;0;0
Kahaani;8.1;0;0;0;0;0;0;0;0;0;0;0;0;0;0;1;0;0;0;1;0;0
Zindagi Na Milegi Dobara;8.1;0;0;0;0;1;0;1;0;0;0;0;0;0;0;0;0;0;0;0;0;0
Prisoners;8.1;0;0;0;0;0;1;1;0;0;0;0;0;0;0;1;0;0;0;0;0;0
Mad Max: Fury Road;8.1;0;1;0;0;0;0;0;0;0;0;0;0;0;0;0;0;1;0;0;0;0
A Wednesday;8.1;0;0;0;0;0;1;1;0;0;0;0;0;0;0;0;0;0;0;0;0;0
Gran Torino;8.1;0;0;0;0;0;0;1;0;0;0;0;0;0;0;0;0;0;0;0;0;0
Harry Potter and the Deathly Hallows: Part 2;8.1;0;1;0;0;0;0;1;0;1;0;0;0;0;0;0;0;0;0;0;0;0
Okuribito;8.1;0;0;0;0;0;0;1;0;0;0;0;0;1;0;0;0;0;0;0;0;0
Hachi: A Dog's Tale;8.1;0;0;0;1;0;0;1;1;0;0;0;0;0;0;0;0;0;0;0;0;0
Mary and Max;8.1;0;0;1;0;1;0;1;0;0;0;0;0;0;0;0;0;0;0;0;0;0
How to Train Your Dragon;8.1;0;1;1;0;0;0;0;0;0;0;0;0;0;0;0;0;0;0;0;0;0
Into the Wild;8.1;0;1;0;1;0;0;1;0;0;0;0;0;0;0;0;0;0;0;0;0;0
No Country for Old Men;8.1;0;0;0;0;0;1;1;0;0;0;0;0;0;0;0;0;0;0;1;0;0
Lage Raho Munna Bhai;8.1;0;0;0;0;1;0;1;0;0;0;0;0;0;0;0;1;0;0;0;0;0
Million Dollar Baby;8.1;0;0;0;0;0;0;1;0;0;0;0;0;0;0;0;0;0;1;0;0;0
Hotel Rwanda;8.1;0;0;0;1;0;0;1;0;0;0;1;0;0;0;0;0;0;0;0;0;0
Taegukgi hwinalrimyeo;8.1;0;0;0;0;0;0;1;0;0;0;0;0;0;0;0;0;0;0;0;1;0
Before Sunset;8.1;0;0;0;0;0;0;1;0;0;0;0;0;0;0;0;1;0;0;0;0;0
Munna Bhai M.B.B.S.;8.1;0;0;0;0;1;0;1;0;0;0;0;0;0;1;0;0;0;0;0;0;0
Salinui chueok;8.1;0;0;0;0;0;1;1;0;0;0;0;0;0;0;1;0;0;0;0;0;0
Dil Chahta Hai;8.1;0;0;0;0;1;0;1;0;0;0;0;0;0;0;0;1;0;0;0;0;0
Kill Bill: Vol. 1;8.1;0;0;0;0;0;1;1;0;0;0;0;0;0;0;0;0;0;0;0;0;0
Finding Nemo;8.1;0;1;1;0;1;0;0;0;0;0;0;0;0;0;0;0;0;0;0;0;0
Catch Me If You Can;8.1;0;0;0;1;0;1;1;0;0;0;0;0;0;0;0;0;0;0;0;0;0
Amores perros;8.1;0;0;0;0;0;0;1;0;0;0;0;0;0;0;0;0;0;0;1;0;0
Monsters, Inc.;8.1;0;1;1;0;1;0;0;0;0;0;0;0;0;0;0;0;0;0;0;0;0
Shin seiki Evangelion Gekijô-ban: Air/Magokoro wo, kimi ni;8.1;0;0;1;0;0;0;1;0;0;0;0;0;0;0;0;0;0;0;0;0;0
Lagaan: Once Upon a Time in India;8.1;0;1;0;0;0;0;1;0;0;0;0;0;0;1;0;0;0;0;0;0;0
The Sixth Sense;8.1;0;0;0;0;0;0;1;0;0;0;0;0;0;0;1;0;0;0;1;0;0
La leggenda del pianista sull'oceano;8.1;0;0;0;0;0;0;1;0;0;0;0;0;1;0;0;1;0;0;0;0;0
The Truman Show;8.1;0;0;0;0;1;0;1;0;0;0;0;0;0;0;0;0;0;0;0;0;0
Crna macka, beli macor;8.1;0;0;0;0;1;1;0;0;0;0;0;0;0;0;0;1;0;0;0;0;0
The Big Lebowski;8.1;0;0;0;0;1;1;0;0;0;0;0;0;0;0;0;0;0;1;0;0;0
Fa yeung nin wah;8.1;0;0;0;0;0;0;1;0;0;0;0;0;0;0;0;1;0;0;0;0;0
Trainspotting;8.1;0;0;0;0;0;0;1;0;0;0;0;0;0;0;0;0;0;0;0;0;0
Fargo;8.1;0;0;0;0;0;1;1;0;0;0;0;0;0;0;0;0;0;0;1;0;0
Underground;8.1;0;0;0;0;1;0;1;0;0;0;0;0;0;0;0;0;0;0;0;1;0
La haine;8.1;0;0;0;0;0;1;1;0;0;0;0;0;0;0;0;0;0;0;0;0;0
Dilwale Dulhania Le Jayenge;8.1;0;0;0;0;0;0;1;0;0;0;0;0;0;0;0;1;0;0;0;0;0
Before Sunrise;8.1;0;0;0;0;0;0;1;0;0;0;0;0;0;0;0;1;0;0;0;0;0
Trois couleurs: Rouge;8.1;0;0;0;0;0;0;1;0;0;0;0;0;0;0;1;1;0;0;0;0;0
Chung Hing sam lam;8.1;0;0;0;0;1;1;1;0;0;0;0;0;0;0;0;0;0;0;0;0;0
Jurassic Park;8.1;0;1;0;0;0;0;0;0;0;0;0;0;0;0;0;0;1;0;0;0;0
In the Name of the Father;8.1;0;0;0;1;0;1;1;0;0;0;0;0;0;0;0;0;0;0;0;0;0
Ba wang bie ji;8.1;0;0;0;0;0;0;1;0;0;0;0;0;1;0;0;1;0;0;0;0;0
Dà hóng denglong gaogao guà;8.1;0;0;0;0;0;0;1;0;0;0;1;0;0;0;0;1;0;0;0;0;0
Dead Poets Society;8.1;0;0;0;0;1;0;1;0;0;0;0;0;0;0;0;0;0;0;0;0;0
Stand by Me;8.1;0;1;0;0;0;0;1;0;0;0;0;0;0;0;0;0;0;0;0;0;0
Platoon;8.1;0;0;0;0;0;0;1;0;0;0;0;0;0;0;0;0;0;0;0;1;0
Paris, Texas;8.1;0;0;0;0;0;0;1;0;0;0;0;0;0;0;0;0;0;0;0;0;0
Kaze no tani no Naushika;8.1;0;1;1;0;0;0;0;0;1;0;0;0;0;0;0;0;0;0;0;0;0
The Thing;8.1;0;0;0;0;0;0;0;0;0;0;0;1;0;0;1;0;1;0;0;0;0
Pink Floyd: The Wall;8.1;0;0;0;0;0;0;1;0;1;0;0;0;1;0;0;0;0;0;0;0;0
Fitzcarraldo;8.1;0;1;0;0;0;0;1;0;0;0;0;0;0;0;0;0;0;0;0;0;0
Fanny och Alexander;8.1;0;0;0;0;0;0;1;0;0;0;0;0;0;0;0;0;0;0;0;0;0
Blade Runner;8.1;0;0;0;0;0;0;0;0;0;0;0;0;0;0;0;0;1;0;1;0;0
The Elephant Man;8.1;0;0;0;1;0;0;1;0;0;0;0;0;0;0;0;0;0;0;0;0;0
Life of Brian;8.1;0;0;0;0;1;0;0;0;0;0;0;0;0;0;0;0;0;0;0;0;0
The Deer Hunter;8.1;0;0;0;0;0;0;1;0;0;0;0;0;0;0;0;0;0;0;0;1;0
Rocky;8.1;0;0;0;0;0;0;1;0;0;0;0;0;0;0;0;0;0;1;0;0;0
Network;8.1;0;0;0;0;0;0;1;0;0;0;0;0;0;0;0;0;0;0;0;0;0
Barry Lyndon;8.1;0;1;0;0;0;0;1;0;0;0;1;0;0;0;0;0;0;0;0;0;0
Zerkalo;8.1;0;0;0;1;0;0;1;0;0;0;0;0;0;0;0;0;0;0;0;0;0
Chinatown;8.1;0;0;0;0;0;0;1;0;0;0;0;0;0;0;1;0;0;0;1;0;0
Paper Moon;8.1;0;0;0;0;1;1;1;0;0;0;0;0;0;0;0;0;0;0;0;0;0
Viskningar och rop;8.1;0;0;0;0;0;0;1;0;0;0;0;0;0;0;0;0;0;0;0;0;0
Solaris;8.1;0;0;0;0;0;0;1;0;0;0;0;0;0;0;1;0;1;0;0;0;0
Le samouraï;8.1;0;0;0;0;0;1;1;0;0;0;0;0;0;0;1;0;0;0;0;0;0
Cool Hand Luke;8.1;0;0;0;0;0;1;1;0;0;0;0;0;0;0;0;0;0;0;0;0;0
Persona;8.1;0;0;0;0;0;0;1;0;0;0;0;0;0;0;0;0;0;0;1;0;0
Andrei Rublev;8.1;0;0;0;1;0;0;1;0;0;0;1;0;0;0;0;0;0;0;0;0;0
La battaglia di Algeri;8.1;0;0;0;0;0;0;1;0;0;0;0;0;0;0;0;0;0;0;0;1;0
El ángel exterminador;8.1;0;0;0;0;0;0;1;0;1;0;0;0;0;0;0;0;0;0;0;0;0
What Ever Happened to Baby Jane?;8.1;0;0;0;0;0;0;1;0;0;0;0;1;0;0;0;0;0;0;1;0;0
Sanjuro;8.1;0;0;0;0;1;1;0;0;0;0;0;0;0;0;0;0;0;0;0;0;0
The Man Who Shot Liberty Valance;8.1;0;0;0;0;0;0;1;0;0;0;0;0;0;0;0;0;0;0;0;0;1
Ivanovo detstvo;8.1;0;0;0;0;0;0;1;0;0;0;0;0;0;0;0;0;0;0;0;1;0
Jungfrukällan;8.1;0;0;0;0;0;0;1;0;0;0;0;0;0;0;0;0;0;0;0;0;0
Inherit the Wind;8.1;0;0;0;1;0;0;1;0;0;0;1;0;0;0;0;0;0;0;0;0;0
Les quatre cents coups;8.1;0;0;0;0;0;1;1;0;0;0;0;0;0;0;0;0;0;0;0;0;0
Ben-Hur;8.1;0;1;0;0;0;0;1;0;0;0;1;0;0;0;0;0;0;0;0;0;0
Kakushi-toride no san-akunin;8.1;0;1;0;0;0;0;1;0;0;0;0;0;0;0;0;0;0;0;0;0;0
Le notti di Cabiria;8.1;0;0;0;0;0;0;1;0;0;0;0;0;0;0;0;0;0;0;0;0;0
Kumonosu-jô;8.1;0;0;0;0;0;0;1;0;0;0;1;0;0;0;0;0;0;0;0;0;0
The Bridge on the River Kwai;8.1;0;1;0;0;0;0;1;0;0;0;0;0;0;0;0;0;0;0;0;1;0
On the Waterfront;8.1;0;0;0;0;0;1;1;0;0;0;0;0;0;0;0;0;0;0;1;0;0
Le salaire de la peur;8.1;0;1;0;0;0;0;1;0;0;0;0;0;0;0;0;0;0;0;1;0;0
Ace in the Hole;8.1;0;0;0;0;0;0;1;0;0;1;0;0;0;0;0;0;0;0;0;0;0
White Heat;8.1;0;0;0;0;0;1;1;0;0;0;0;0;0;0;0;0;0;0;0;0;0
The Third Man;8.1;0;0;0;0;0;0;0;0;0;1;0;0;0;0;1;0;0;0;1;0;0
The Red Shoes;8.1;0;0;0;0;0;0;1;0;0;0;0;0;1;0;0;1;0;0;0;0;0
The Shop Around the Corner;8.1;0;0;0;0;1;0;1;0;0;0;0;0;0;0;0;1;0;0;0;0;0
Rebecca;8.1;0;0;0;0;0;0;1;0;0;0;0;0;0;0;1;1;0;0;0;0;0
Mr. Smith Goes to Washington;8.1;0;0;0;0;1;0;1;0;0;0;0;0;0;0;0;0;0;0;0;0;0
Gone with the Wind;8.1;0;0;0;0;0;0;1;0;0;0;1;0;0;0;0;1;0;0;0;0;0
La Grande Illusion;8.1;0;0;0;0;0;0;1;0;0;0;0;0;0;0;0;0;0;0;0;1;0
It Happened One Night;8.1;0;0;0;0;1;0;0;0;0;0;0;0;0;0;0;1;0;0;0;0;0
La passion de Jeanne d'Arc;8.1;0;0;0;1;0;0;1;0;0;0;1;0;0;0;0;0;0;0;0;0;0
The Circus;8.1;0;0;0;0;1;0;0;0;0;0;0;0;0;0;0;1;0;0;0;0;0
Sunrise: A Song of Two Humans;8.1;0;0;0;0;0;0;1;0;0;0;0;0;0;0;0;1;0;0;0;0;0
The General;8.1;0;1;0;0;1;0;0;0;0;0;0;0;0;0;0;0;0;0;0;0;0
Das Cabinet des Dr. Caligari;8.1;0;0;0;0;0;0;0;0;1;0;0;1;0;0;1;0;0;0;0;0;0
Badhaai ho;8;0;0;0;0;1;0;1;0;0;0;0;0;0;0;0;0;0;0;0;0;0
Togo;8;0;1;0;1;0;0;1;0;0;0;0;0;0;0;0;0;0;0;0;0;0
Airlift;8;0;0;0;0;0;0;1;0;0;0;1;0;0;0;0;0;0;0;0;0;0
Bajrangi Bhaijaan;8;0;1;0;0;1;0;0;0;0;0;0;0;0;0;0;0;0;0;0;0;0
Baby;8;0;0;0;0;0;1;0;0;0;0;0;0;0;0;0;0;0;0;1;0;0
La La Land;8;0;0;0;0;1;0;1;0;0;0;0;0;1;0;0;0;0;0;0;0;0
Lion;8;0;0;0;1;0;0;1;0;0;0;0;0;0;0;0;0;0;0;0;0;0
The Martian;8;0;1;0;0;0;0;1;0;0;0;0;0;0;0;0;0;1;0;0;0;0
Zootopia;8;0;1;1;0;1;0;0;0;0;0;0;0;0;0;0;0;0;0;0;0;0
Bãhubali: The Beginning;8;0;0;0;0;0;0;1;0;0;0;0;0;0;0;0;0;0;0;0;0;0
Kaguyahime no monogatari;8;0;1;1;0;0;0;1;0;0;0;0;0;0;0;0;0;0;0;0;0;0
Wonder;8;0;0;0;0;0;0;1;1;0;0;0;0;0;0;0;0;0;0;0;0;0
Gully Boy;8;0;0;0;0;0;0;1;0;0;0;0;0;1;0;0;1;0;0;0;0;0
Special Chabbis;8;0;0;0;0;0;1;1;0;0;0;0;0;0;0;0;0;0;0;1;0;0
Short Term 12;8;0;0;0;0;0;0;1;0;0;0;0;0;0;0;0;0;0;0;0;0;0
Serbuan maut 2: Berandal;8;0;0;0;0;0;1;0;0;0;0;0;0;0;0;0;0;0;0;1;0;0
The Imitation Game;8;0;0;0;1;0;0;1;0;0;0;0;0;0;0;0;0;0;0;1;0;0
Guardians of the Galaxy;8;0;1;0;0;1;0;0;0;0;0;0;0;0;0;0;0;0;0;0;0;0
Blade Runner 2049;8;0;0;0;0;0;0;1;0;0;0;0;0;0;0;1;0;0;0;0;0;0
Her;8;0;0;0;0;0;0;1;0;0;0;0;0;0;0;0;1;1;0;0;0;0
Bohemian Rhapsody;8;0;0;0;1;0;0;1;0;0;0;0;0;1;0;0;0;0;0;0;0;0
The Revenant;8;0;1;0;0;0;0;1;0;0;0;0;0;0;0;0;0;0;0;0;0;0
The Perks of Being a Wallflower;8;0;0;0;0;0;0;1;0;0;0;0;0;0;0;0;1;0;0;0;0;0
Tropa de Elite 2: O Inimigo Agora é Outro;8;0;0;0;0;0;1;1;0;0;0;0;0;0;0;0;0;0;0;0;0;0
The King's Speech;8;0;0;0;1;0;0;1;0;0;0;1;0;0;0;0;0;0;0;0;0;0
The Help;8;0;0;0;0;0;0;1;0;0;0;0;0;0;0;0;0;0;0;0;0;0
Deadpool;8;0;1;0;0;1;0;0;0;0;0;0;0;0;0;0;0;0;0;0;0;0
Darbareye Elly;8;0;0;0;0;0;0;1;0;0;0;0;0;0;0;1;0;0;0;0;0;0
Dev.D;8;0;0;0;0;0;0;1;0;0;0;0;0;0;0;0;1;0;0;0;0;0
Yip Man;8;0;0;0;1;0;0;1;0;0;0;0;0;0;0;0;0;0;0;0;0;0
My Name Is Khan;8;0;0;0;0;0;0;1;0;0;0;0;0;0;0;0;0;0;0;0;0;0
Nefes: Vatan Sagolsun;8;0;0;0;0;0;0;1;0;0;0;0;0;0;0;0;0;0;0;1;0;0
Slumdog Millionaire;8;0;0;0;0;0;0;1;0;0;0;0;0;0;0;0;1;0;0;0;0;0
Black Swan;8;0;0;0;0;0;0;1;0;0;0;0;0;0;0;0;0;0;0;1;0;0
Tropa de Elite;8;0;0;0;0;0;1;1;0;0;0;0;0;0;0;0;0;0;0;0;0;0
The Avengers;8;0;1;0;0;0;0;0;0;0;0;0;0;0;0;0;0;1;0;0;0;0
Persepolis;8;0;0;1;1;0;0;1;0;0;0;0;0;0;0;0;0;0;0;0;0;0
Dallas Buyers Club;8;0;0;0;1;0;0;1;0;0;0;0;0;0;0;0;0;0;0;0;0;0
The Pursuit of Happyness;8;0;0;0;1;0;0;1;0;0;0;0;0;0;0;0;0;0;0;0;0;0
Blood Diamond;8;0;1;0;0;0;0;1;0;0;0;0;0;0;0;0;0;0;0;1;0;0
The Bourne Ultimatum;8;0;0;0;0;0;0;0;0;0;0;0;0;0;0;1;0;0;0;1;0;0
Bin-jip;8;0;0;0;0;0;1;1;0;0;0;0;0;0;0;0;1;0;0;0;0;0
Sin City;8;0;0;0;0;0;1;0;0;0;0;0;0;0;0;0;0;0;0;1;0;0
Le scaphandre et le papillon;8;0;0;0;1;0;0;1;0;0;0;0;0;0;0;0;0;0;0;0;0;0
G.O.R.A.;8;0;1;0;0;1;0;0;0;0;0;0;0;0;0;0;0;1;0;0;0;0
Ratatouille;8;0;1;1;0;1;0;0;0;0;0;0;0;0;0;0;0;0;0;0;0;0
Casino Royale;8;0;1;0;0;0;0;0;0;0;0;0;0;0;0;0;0;0;0;1;0;0
Kill Bill: Vol. 2;8;0;0;0;0;0;1;0;0;0;0;0;0;0;0;0;0;0;0;1;0;0
Vozvrashchenie;8;0;0;0;0;0;0;1;0;0;0;0;0;0;0;0;0;0;0;0;0;0
Bom Yeoareum Gaeul Gyeoul Geurigo Bom;8;0;0;0;0;0;0;1;0;0;0;0;0;0;0;0;1;0;0;0;0;0
Mar adentro;8;0;0;0;1;0;0;1;0;0;0;0;0;0;0;0;0;0;0;0;0;0
Cinderella Man;8;0;0;0;1;0;0;1;0;0;0;1;0;0;0;0;0;0;0;0;0;0
Kal Ho Naa Ho;8;0;0;0;0;1;0;1;0;0;0;0;0;0;1;0;0;0;0;0;0;0
Mou gaan dou;8;0;0;0;0;0;1;1;0;0;0;0;0;0;0;0;0;0;0;0;0;0
Pirates of the Caribbean: The Curse of the Black Pearl;8;0;1;0;0;0;0;0;0;1;0;0;0;0;0;0;0;0;0;0;0;0
Big Fish;8;0;1;0;0;0;0;1;0;1;0;0;0;0;0;0;0;0;0;0;0;0
The Incredibles;8;0;1;1;0;0;0;0;0;0;0;0;0;0;0;0;0;0;0;0;0;0
Yeopgijeogin geunyeo;8;0;0;0;0;1;0;1;0;0;0;0;0;0;0;0;1;0;0;0;0;0
Dogville;8;0;0;0;0;0;1;1;0;0;0;0;0;0;0;0;0;0;0;0;0;0
Vizontele;8;0;0;0;0;1;0;1;0;0;0;0;0;0;0;0;0;0;0;0;0;0
Donnie Darko;8;0;0;0;0;0;0;1;0;0;0;0;0;0;0;1;0;1;0;0;0;0
Magnolia;8;0;0;0;0;0;0;1;0;0;0;0;0;0;0;0;0;0;0;0;0;0
Dancer in the Dark;8;0;0;0;0;0;1;1;0;0;0;0;0;0;1;0;0;0;0;0;0;0
The Straight Story;8;0;0;0;1;0;0;1;0;0;0;0;0;0;0;0;0;0;0;0;0;0
Pâfekuto burû;8;0;0;1;0;0;1;0;0;0;0;0;0;0;0;1;0;0;0;0;0;0
Festen;8;0;0;0;0;0;0;1;0;0;0;0;0;0;0;0;0;0;0;0;0;0
Central do Brasil;8;0;0;0;0;0;0;1;0;0;0;0;0;0;0;0;0;0;0;0;0;0
The Iron Giant;8;0;1;1;0;0;0;0;0;0;0;0;0;0;0;0;0;0;0;0;0;0
Knockin' on Heaven's Door;8;0;0;0;0;1;1;0;0;0;0;0;0;0;0;0;0;0;0;0;0;0
Sling Blade;8;0;0;0;0;0;0;1;0;0;0;0;0;0;0;0;0;0;0;0;0;0
Secrets & Lies;8;0;0;0;0;1;0;1;0;0;0;0;0;0;0;0;0;0;0;0;0;0
Twelve Monkeys;8;0;0;0;0;0;0;0;0;0;0;0;0;0;0;1;0;1;0;1;0;0
Kôkaku Kidôtai;8;0;0;1;0;0;1;0;0;0;0;0;0;0;0;0;0;0;0;0;0;0
The Nightmare Before Christmas;8;0;0;1;0;0;0;0;1;1;0;0;0;0;0;0;0;0;0;0;0;0
Groundhog Day;8;0;0;0;0;1;0;0;0;1;0;0;0;0;0;0;1;0;0;0;0;0
Bound by Honor;8;0;0;0;0;0;1;1;0;0;0;0;0;0;0;0;0;0;0;0;0;0
Scent of a Woman;8;0;0;0;0;0;0;1;0;0;0;0;0;0;0;0;0;0;0;0;0;0
Aladdin;8;0;1;1;0;1;0;0;0;0;0;0;0;0;0;0;0;0;0;0;0;0
JFK;8;0;0;0;0;0;0;1;0;0;0;1;0;0;0;0;0;0;0;1;0;0
Beauty and the Beast;8;0;0;1;0;0;0;0;1;1;0;0;0;0;0;0;0;0;0;0;0;0
Dances with Wolves;8;0;1;0;0;0;0;1;0;0;0;0;0;0;0;0;0;0;0;0;0;1
Do the Right Thing;8;0;0;0;0;1;0;1;0;0;0;0;0;0;0;0;0;0;0;0;0;0
Rain Man;8;0;0;0;0;0;0;1;0;0;0;0;0;0;0;0;0;0;0;0;0;0
Akira;8;0;0;1;0;0;0;0;0;0;0;0;0;0;0;0;0;1;0;0;0;0
The Princess Bride;8;0;1;0;0;0;0;0;1;1;0;0;0;0;0;0;0;0;0;0;0;0
Der Himmel über Berlin;8;0;0;0;0;0;0;1;0;1;0;0;0;0;0;0;1;0;0;0;0;0
Au revoir les enfants;8;0;0;0;0;0;0;1;0;0;0;0;0;0;0;0;0;0;0;0;1;0
Tenkû no shiro Rapyuta;8;0;1;1;0;0;0;1;0;0;0;0;0;0;0;0;0;0;0;0;0;0
The Terminator;8;0;0;0;0;0;0;0;0;0;0;0;0;0;0;0;0;1;0;0;0;0
Gandhi;8;0;0;0;1;0;0;1;0;0;0;1;0;0;0;0;0;0;0;0;0;0
Kagemusha;8;0;0;0;0;0;0;1;0;0;0;1;0;0;0;0;0;0;0;0;1;0
Being There;8;0;0;0;0;1;0;1;0;0;0;0;0;0;0;0;0;0;0;0;0;0
Annie Hall;8;0;0;0;0;1;0;0;0;0;0;0;0;0;0;0;1;0;0;0;0;0
Jaws;8;0;1;0;0;0;0;0;0;0;0;0;0;0;0;0;0;0;0;1;0;0
Dog Day Afternoon;8;0;0;0;1;0;1;1;0;0;0;0;0;0;0;0;0;0;0;0;0;0
Young Frankenstein;8;0;0;0;0;1;0;0;0;0;0;0;0;0;0;0;0;0;0;0;0;0
Papillon;8;0;0;0;1;0;1;1;0;0;0;0;0;0;0;0;0;0;0;0;0;0
The Exorcist;8;0;0;0;0;0;0;0;0;0;0;0;1;0;0;0;0;0;0;0;0;0
Sleuth;8;0;0;0;0;0;0;0;0;0;0;0;0;0;0;1;0;0;0;1;0;0
The Last Picture Show;8;0;0;0;0;0;0;1;0;0;0;0;0;0;0;0;1;0;0;0;0;0
Fiddler on the Roof;8;0;0;0;0;0;0;1;1;0;0;0;0;0;1;0;0;0;0;0;0;0
Il conformista;8;0;0;0;0;0;0;1;0;0;0;0;0;0;0;0;0;0;0;0;0;0
Butch Cassidy and the Sundance Kid;8;0;0;0;1;0;1;1;0;0;0;0;0;0;0;0;0;0;0;0;0;0
Rosemary's Baby;8;0;0;0;0;0;0;1;0;0;0;0;1;0;0;0;0;0;0;0;0;0
Planet of the Apes;8;0;1;0;0;0;0;0;0;0;0;0;0;0;0;0;0;1;0;0;0;0
The Graduate;8;0;0;0;0;1;0;1;0;0;0;0;0;0;0;0;1;0;0;0;0;0
Who's Afraid of Virginia Woolf?;8;0;0;0;0;0;0;1;0;0;0;0;0;0;0;0;0;0;0;0;0;0
The Sound of Music;8;0;0;0;1;0;0;1;1;0;0;0;0;0;0;0;0;0;0;0;0;0
Doctor Zhivago;8;0;0;0;0;0;0;1;0;0;0;0;0;0;0;0;1;0;0;0;1;0
Per un pugno di dollari;8;0;0;0;0;0;0;1;0;0;0;0;0;0;0;0;0;0;0;0;0;1
8½;8;0;0;0;0;0;0;1;0;0;0;0;0;0;0;0;0;0;0;0;0;0
Vivre sa vie: Film en douze tableaux;8;0;0;0;0;0;0;1;0;0;0;0;0;0;0;0;0;0;0;0;0;0
The Hustler;8;0;0;0;0;0;0;1;0;0;0;0;0;0;0;0;0;0;1;0;0;0
La dolce vita;8;0;0;0;0;1;0;1;0;0;0;0;0;0;0;0;0;0;0;0;0;0
Rio Bravo;8;0;0;0;0;0;0;1;0;0;0;0;0;0;0;0;0;0;0;0;0;1
Anatomy of a Murder;8;0;0;0;0;0;1;1;0;0;0;0;0;0;0;1;0;0;0;0;0;0
Touch of Evil;8;0;0;0;0;0;1;1;0;0;1;0;0;0;0;0;0;0;0;0;0;0
Cat on a Hot Tin Roof;8;0;0;0;0;0;0;1;0;0;0;0;0;0;0;0;0;0;0;0;0;0
Sweet Smell of Success;8;0;0;0;0;0;0;1;0;0;1;0;0;0;0;0;0;0;0;0;0;0
The Killing;8;0;0;0;0;0;1;1;0;0;1;0;0;0;0;0;0;0;0;0;0;0
The Night of the Hunter;8;0;0;0;0;0;1;1;0;0;1;0;0;0;0;0;0;0;0;0;0;0
La Strada;8;0;0;0;0;0;0;1;0;0;0;0;0;0;0;0;0;0;0;0;0;0
Les diaboliques;8;0;0;0;0;0;1;1;0;0;0;0;1;0;0;0;0;0;0;0;0;0
Stalag 17;8;0;0;0;0;1;0;1;0;0;0;0;0;0;0;0;0;0;0;0;1;0
Roman Holiday;8;0;0;0;0;1;0;0;0;0;0;0;0;0;0;0;1;0;0;0;0;0
A Streetcar Named Desire;8;0;0;0;0;0;0;1;0;0;0;0;0;0;0;0;0;0;0;0;0;0
In a Lonely Place;8;0;0;0;0;0;0;1;0;0;1;0;0;0;0;1;0;0;0;0;0;0
Kind Hearts and Coronets;8;0;0;0;0;1;1;0;0;0;0;0;0;0;0;0;0;0;0;0;0;0
Rope;8;0;0;0;0;0;1;1;0;0;0;0;0;0;0;1;0;0;0;0;0;0
Out of the Past;8;0;0;0;0;0;1;1;0;0;1;0;0;0;0;0;0;0;0;0;0;0
Brief Encounter;8;0;0;0;0;0;0;1;0;0;0;0;0;0;0;0;1;0;0;0;0;0
Laura;8;0;0;0;0;0;0;1;0;0;1;0;0;0;0;1;0;0;0;0;0;0
The Best Years of Our Lives;8;0;0;0;0;0;0;1;0;0;0;0;0;0;0;0;1;0;0;0;1;0
Arsenic and Old Lace;8;0;0;0;0;1;1;0;0;0;0;0;0;0;0;0;0;0;0;1;0;0
The Maltese Falcon;8;0;0;0;0;0;0;0;0;0;1;0;0;0;0;1;0;0;0;0;0;0
The Grapes of Wrath;8;0;0;0;0;0;0;1;0;0;0;1;0;0;0;0;0;0;0;0;0;0
The Wizard of Oz;8;0;1;0;0;0;0;0;1;1;0;0;0;0;0;0;0;0;0;0;0;0
La règle du jeu;8;0;0;0;0;1;0;1;0;0;0;0;0;0;0;0;0;0;0;0;0;0
The Thin Man;8;0;0;0;0;1;1;0;0;0;0;0;0;0;0;1;0;0;0;0;0;0
All Quiet on the Western Front;8;0;0;0;0;0;0;1;0;0;0;0;0;0;0;0;0;0;0;0;1;0
Bronenosets Potemkin;8;0;0;0;0;0;0;1;0;0;0;1;0;0;0;0;0;0;0;1;0;0
Knives Out;7.9;0;0;0;0;1;1;1;0;0;0;0;0;0;0;0;0;0;0;0;0;0
Dil Bechara;7.9;0;0;0;0;1;0;1;0;0;0;0;0;0;0;0;1;0;0;0;0;0
Manbiki kazoku;7.9;0;0;0;0;0;1;1;0;0;0;0;0;0;0;0;0;0;0;0;0;0
Marriage Story;7.9;0;0;0;0;1;0;1;0;0;0;0;0;0;0;0;1;0;0;0;0;0
Call Me by Your Name;7.9;0;0;0;0;0;0;1;0;0;0;0;0;0;0;0;1;0;0;0;0;0
I, Daniel Blake;7.9;0;0;0;0;0;0;1;0;0;0;0;0;0;0;0;0;0;0;0;0;0
Isle of Dogs;7.9;0;1;1;0;1;0;0;0;0;0;0;0;0;0;0;0;0;0;0;0;0
Hunt for the Wilderpeople;7.9;0;1;0;0;1;0;1;0;0;0;0;0;0;0;0;0;0;0;0;0;0
Captain Fantastic;7.9;0;0;0;0;1;0;1;0;0;0;0;0;0;0;0;0;0;0;0;0;0
Sing Street;7.9;0;0;0;0;1;0;1;0;0;0;0;0;1;0;0;0;0;0;0;0;0
Thor: Ragnarok;7.9;0;1;0;0;1;0;0;0;0;0;0;0;0;0;0;0;0;0;0;0;0
Nightcrawler;7.9;0;0;0;0;0;1;1;0;0;0;0;0;0;0;0;0;0;0;1;0;0
Jojo Rabbit;7.9;0;0;0;0;1;0;1;0;0;0;0;0;0;0;0;0;0;0;0;1;0
Arrival;7.9;0;0;0;0;0;0;1;0;0;0;0;0;0;0;0;0;1;0;0;0;0
Star Wars: Episode VII - The Force Awakens;7.9;0;1;0;0;0;0;0;0;0;0;0;0;0;0;0;0;1;0;0;0;0
Before Midnight;7.9;0;0;0;0;0;0;1;0;0;0;0;0;0;0;0;1;0;0;0;0;0
X-Men: Days of Future Past;7.9;0;1;0;0;0;0;0;0;0;0;0;0;0;0;0;0;1;0;0;0;0
Bir Zamanlar Anadolu'da;7.9;0;0;0;0;0;1;1;0;0;0;0;0;0;0;0;0;0;0;0;0;0
The Artist;7.9;0;0;0;0;1;0;1;0;0;0;0;0;0;0;0;1;0;0;0;0;0
Edge of Tomorrow;7.9;0;1;0;0;0;0;0;0;0;0;0;0;0;0;0;0;1;0;0;0;0
Amour;7.9;0;0;0;0;0;0;1;0;0;0;0;0;0;0;0;1;0;0;0;0;0
The Irishman;7.9;0;0;0;1;0;1;1;0;0;0;0;0;0;0;0;0;0;0;0;0;0
Un prophète;7.9;0;0;0;0;0;1;1;0;0;0;0;0;0;0;0;0;0;0;0;0;0
Moon;7.9;0;0;0;0;0;0;1;0;0;0;0;0;0;0;1;0;1;0;0;0;0
Låt den rätte komma in;7.9;0;0;0;0;0;1;1;0;1;0;0;0;0;0;0;0;0;0;0;0;0
District 9;7.9;0;0;0;0;0;0;0;0;0;0;0;0;0;0;0;0;1;0;1;0;0
The Wrestler;7.9;0;0;0;0;0;0;1;0;0;0;0;0;0;0;0;0;0;1;0;0;0
Jab We Met;7.9;0;0;0;0;1;0;1;0;0;0;0;0;0;0;0;1;0;0;0;0;0
Boyhood;7.9;0;0;0;0;0;0;1;0;0;0;0;0;0;0;0;0;0;0;0;0;0
4 luni, 3 saptamâni si 2 zile;7.9;0;0;0;0;0;0;1;0;0;0;0;0;0;0;0;0;0;0;0;0;0
Star Trek;7.9;0;1;0;0;0;0;0;0;0;0;0;0;0;0;0;0;1;0;0;0;0
In Bruges;7.9;0;0;0;0;1;1;1;0;0;0;0;0;0;0;0;0;0;0;0;0;0
The Man from Earth;7.9;0;0;0;0;0;0;1;0;1;0;0;0;0;0;1;0;0;0;0;0;0
Letters from Iwo Jima;7.9;0;1;0;0;0;0;1;0;0;0;0;0;0;0;0;0;0;0;0;0;0
The Fall;7.9;0;1;0;0;0;0;1;0;1;0;0;0;0;0;0;0;0;0;0;0;0
Life of Pi;7.9;0;1;0;0;0;0;1;0;1;0;0;0;0;0;0;0;0;0;0;0;0
Fantastic Mr. Fox;7.9;0;1;1;0;1;0;0;0;0;0;0;0;0;0;0;0;0;0;0;0;0
C.R.A.Z.Y.;7.9;0;0;0;0;1;0;1;0;0;0;0;0;0;0;0;0;0;0;0;0;0
Les choristes;7.9;0;0;0;0;0;0;1;0;0;0;0;0;1;0;0;0;0;0;0;0;0
Iron Man;7.9;0;1;0;0;0;0;0;0;0;0;0;0;0;0;0;0;1;0;0;0;0
Shaun of the Dead;7.9;0;0;0;0;1;0;0;0;0;0;0;1;0;0;0;0;0;0;0;0;0
Gegen die Wand;7.9;0;0;0;0;0;0;1;0;0;0;0;0;0;0;0;1;0;0;0;0;0
Mystic River;7.9;0;0;0;0;0;1;1;0;0;0;0;0;0;0;1;0;0;0;0;0;0
Harry Potter and the Prisoner of Azkaban;7.9;0;1;0;0;0;0;0;1;1;0;0;0;0;0;0;0;0;0;0;0;0
Ying xiong;7.9;0;1;0;0;0;0;0;0;0;0;1;0;0;0;0;0;0;0;0;0;0
Hable con ella;7.9;0;0;0;0;0;0;1;0;0;0;0;0;0;0;1;1;0;0;0;0;0
No Man's Land;7.9;0;0;0;0;1;0;1;0;0;0;0;0;0;0;0;0;0;0;0;1;0
Cowboy Bebop: Tengoku no tobira;7.9;0;0;1;0;0;1;0;0;0;0;0;0;0;0;0;0;0;0;0;0;0
The Bourne Identity;7.9;0;0;0;0;0;0;0;0;0;0;0;0;0;0;1;0;0;0;1;0;0
Nueve reinas;7.9;0;0;0;0;0;1;1;0;0;0;0;0;0;0;0;0;0;0;1;0;0
Children of Men;7.9;0;1;0;0;0;0;1;0;0;0;0;0;0;0;0;0;1;0;0;0;0
Almost Famous;7.9;0;1;0;0;1;0;1;0;0;0;0;0;0;0;0;0;0;0;0;0;0
Mulholland Dr.;7.9;0;0;0;0;0;0;1;0;0;0;0;0;0;0;1;0;0;0;1;0;0
Toy Story 2;7.9;0;1;1;0;1;0;0;0;0;0;0;0;0;0;0;0;0;0;0;0;0
Boogie Nights;7.9;0;0;0;0;0;0;1;0;0;0;0;0;0;0;0;0;0;0;0;0;0
Mimi wo sumaseba;7.9;0;0;1;0;0;0;1;1;0;0;0;0;0;0;0;0;0;0;0;0;0
Once Were Warriors;7.9;0;0;0;0;0;1;1;0;0;0;0;0;0;0;0;0;0;0;0;0;0
True Romance;7.9;0;0;0;0;0;1;1;0;0;0;0;0;0;0;0;1;0;0;0;0;0
Trois couleurs: Bleu;7.9;0;0;0;0;0;0;1;0;0;0;0;0;1;0;1;0;0;0;0;0;0
Jûbê ninpûchô;7.9;0;1;1;0;0;0;0;0;0;0;0;0;0;0;0;0;0;0;0;0;0
Carlito's Way;7.9;0;0;0;0;0;1;1;0;0;0;0;0;0;0;0;0;0;0;1;0;0
Edward Scissorhands;7.9;0;0;0;0;0;0;1;0;1;0;0;0;0;0;0;1;0;0;0;0;0
My Left Foot: The Story of Christy Brown;7.9;0;0;0;1;0;0;1;0;0;0;0;0;0;0;0;0;0;0;0;0;0
Crimes and Misdemeanors;7.9;0;0;0;0;1;0;1;0;0;0;0;0;0;0;0;0;0;0;0;0;0
The Untouchables;7.9;0;0;0;0;0;1;1;0;0;0;0;0;0;0;0;0;0;0;1;0;0
Hannah and Her Sisters;7.9;0;0;0;0;1;0;1;0;0;0;0;0;0;0;0;0;0;0;0;0;0
Brazil;7.9;0;0;0;0;0;0;1;0;0;0;0;0;0;0;0;0;1;0;0;0;0
This Is Spinal Tap;7.9;0;0;0;0;1;0;0;0;0;0;0;0;1;0;0;0;0;0;0;0;0
A Christmas Story;7.9;0;0;0;0;1;0;0;1;0;0;0;0;0;0;0;0;0;0;0;0;0
The Blues Brothers;7.9;0;1;0;0;1;0;0;0;0;0;0;0;0;0;0;0;0;0;0;0;0
Manhattan;7.9;0;0;0;0;1;0;1;0;0;0;0;0;0;0;0;1;0;0;0;0;0
All That Jazz;7.9;0;0;0;0;0;0;1;0;0;0;0;0;1;1;0;0;0;0;0;0;0
Dawn of the Dead;7.9;0;1;0;0;0;0;0;0;0;0;0;1;0;0;0;0;0;0;0;0;0
All the President's Men;7.9;0;0;0;1;0;0;1;0;0;0;1;0;0;0;0;0;0;0;0;0;0
La montaña sagrada;7.9;0;1;0;0;0;0;1;0;1;0;0;0;0;0;0;0;0;0;0;0;0
Amarcord;7.9;0;0;0;0;1;0;1;1;0;0;0;0;0;0;0;0;0;0;0;0;0
Le charme discret de la bourgeoisie;7.9;0;0;0;0;1;0;0;0;0;0;0;0;0;0;0;0;0;0;0;0;0
Aguirre, der Zorn Gottes;7.9;0;1;0;1;0;0;0;0;0;0;0;0;0;0;0;0;0;0;0;0;0
Harold and Maude;7.9;0;0;0;0;1;0;1;0;0;0;0;0;0;0;0;1;0;0;0;0;0
Patton;7.9;0;0;0;1;0;0;1;0;0;0;0;0;0;0;0;0;0;0;0;1;0
The Wild Bunch;7.9;0;1;0;0;0;0;0;0;0;0;0;0;0;0;0;0;0;0;0;0;1
Night of the Living Dead;7.9;0;0;0;0;0;0;0;0;0;0;0;1;0;0;0;0;0;0;1;0;0
The Lion in Winter;7.9;0;0;0;1;0;0;1;0;0;0;1;0;0;0;0;0;0;0;0;0;0
In the Heat of the Night;7.9;0;0;0;0;0;1;1;0;0;0;0;0;0;0;1;0;0;0;0;0;0
Charade;7.9;0;0;0;0;1;0;0;0;0;0;0;0;0;0;1;1;0;0;0;0;0
The Manchurian Candidate;7.9;0;0;0;0;0;0;1;0;0;0;0;0;0;0;0;0;0;0;1;0;0
Spartacus;7.9;0;1;0;1;0;0;1;0;0;0;0;0;0;0;0;0;0;0;0;0;0
L'avventura;7.9;0;0;0;0;0;0;1;0;0;0;0;0;0;0;1;0;0;0;0;0;0
Hiroshima mon amour;7.9;0;0;0;0;0;0;1;0;0;0;0;0;0;0;0;1;0;0;0;0;0
The Ten Commandments;7.9;0;1;0;0;0;0;1;0;0;0;0;0;0;0;0;0;0;0;0;0;0
The Searchers;7.9;0;1;0;0;0;0;1;0;0;0;0;0;0;0;0;0;0;0;0;0;1
East of Eden;7.9;0;0;0;0;0;0;1;0;0;0;0;0;0;0;0;0;0;0;0;0;0
High Noon;7.9;0;0;0;0;0;0;1;0;0;0;0;0;0;0;0;0;0;0;1;0;1
Strangers on a Train;7.9;0;0;0;0;0;1;0;0;0;1;0;0;0;0;0;0;0;0;1;0;0
Harvey;7.9;0;0;0;0;1;0;1;0;1;0;0;0;0;0;0;0;0;0;0;0;0
Miracle on 34th Street;7.9;0;0;0;0;1;0;1;1;0;0;0;0;0;0;0;0;0;0;0;0;0
Notorious;7.9;0;0;0;0;0;0;1;0;0;1;0;0;0;0;0;1;0;0;0;0;0
The Big Sleep;7.9;0;0;0;0;0;1;0;0;0;1;0;0;0;0;1;0;0;0;0;0;0
The Lost Weekend;7.9;0;0;0;0;0;0;1;0;0;1;0;0;0;0;0;0;0;0;0;0;0
The Philadelphia Story;7.9;0;0;0;0;1;0;0;0;0;0;0;0;0;0;0;1;0;0;0;0;0
His Girl Friday;7.9;0;0;0;0;1;0;1;0;0;0;0;0;0;0;0;1;0;0;0;0;0
The Adventures of Robin Hood;7.9;0;1;0;0;0;0;0;0;0;0;0;0;0;0;0;1;0;0;0;0;0
A Night at the Opera;7.9;0;0;0;0;1;0;0;0;0;0;0;0;1;1;0;0;0;0;0;0;0
King Kong;7.9;0;1;0;0;0;0;0;0;0;0;0;1;0;0;0;0;1;0;0;0;0
Freaks;7.9;0;0;0;0;0;0;1;0;0;0;0;1;0;0;0;0;0;0;0;0;0
Nosferatu;7.9;0;0;0;0;0;0;0;0;1;0;0;1;0;0;0;0;0;0;0;0;0
The Gentlemen;7.8;0;0;0;0;1;1;0;0;0;0;0;0;0;0;0;0;0;0;0;0;0
Raazi;7.8;0;0;0;0;0;0;1;0;0;0;0;0;0;0;0;0;0;0;1;0;0
Sound of Metal;7.8;0;0;0;0;0;0;1;0;0;0;0;0;1;0;0;0;0;0;0;0;0
Forushande;7.8;0;0;0;0;0;0;1;0;0;0;0;0;0;0;0;0;0;0;0;0;0
Dunkirk;7.8;0;0;0;0;0;0;1;0;0;0;1;0;0;0;0;0;0;0;0;0;0
Perfetti sconosciuti;7.8;0;0;0;0;1;0;1;0;0;0;0;0;0;0;0;0;0;0;0;0;0
Hidden Figures;7.8;0;0;0;1;0;0;1;0;0;0;1;0;0;0;0;0;0;0;0;0;0
Paddington 2;7.8;0;1;0;0;1;0;0;1;0;0;0;0;0;0;0;0;0;0;0;0;0
Udta Punjab;7.8;0;0;0;0;0;1;1;0;0;0;0;0;0;0;0;0;0;0;0;0;0
Kubo and the Two Strings;7.8;0;1;1;0;0;0;0;0;0;0;0;0;0;0;0;0;0;0;0;0;0
M.S. Dhoni: The Untold Story;7.8;0;0;0;1;0;0;1;0;0;0;0;0;0;0;0;0;0;1;0;0;0
Manchester by the Sea;7.8;0;0;0;0;0;0;1;0;0;0;0;0;0;0;0;0;0;0;0;0;0
Under sandet;7.8;0;0;0;0;0;0;1;0;0;0;1;0;0;0;0;0;0;0;0;1;0
Rogue One;7.8;0;1;0;0;0;0;0;0;0;0;0;0;0;0;0;0;1;0;0;0;0
Captain America: Civil War;7.8;0;1;0;0;0;0;0;0;0;0;0;0;0;0;0;0;1;0;0;0;0
The Hateful Eight;7.8;0;0;0;0;0;1;1;0;0;0;0;0;0;0;1;0;0;0;0;0;0
Little Women;7.8;0;0;0;0;0;0;1;0;0;0;0;0;0;0;0;1;0;0;0;0;0
Loving Vincent;7.8;0;0;1;1;0;1;0;0;0;0;0;0;0;0;0;0;0;0;0;0;0
Pride;7.8;0;0;0;1;1;0;1;0;0;0;0;0;0;0;0;0;0;0;0;0;0
Le passé;7.8;0;0;0;0;0;0;1;0;0;0;0;0;0;0;1;0;0;0;0;0;0
La grande bellezza;7.8;0;0;0;0;0;0;1;0;0;0;0;0;0;0;0;0;0;0;0;0;0
The Lunchbox;7.8;0;0;0;0;0;0;1;0;0;0;0;0;0;0;0;1;0;0;0;0;0
Vicky Donor;7.8;0;0;0;0;1;0;0;0;0;0;0;0;0;0;0;1;0;0;0;0;0
Big Hero 6;7.8;0;1;1;0;0;0;0;0;0;0;0;0;0;0;0;0;0;0;0;0;0
About Time;7.8;0;0;0;0;1;0;1;0;1;0;0;0;0;0;0;0;0;0;0;0;0
English Vinglish;7.8;0;0;0;0;1;0;1;1;0;0;0;0;0;0;0;0;0;0;0;0;0
Kaze tachinu;7.8;0;0;1;1;0;0;1;0;0;0;0;0;0;0;0;0;0;0;0;0;0
Toy Story 4;7.8;0;1;1;0;1;0;0;0;0;0;0;0;0;0;0;0;0;0;0;0;0
La migliore offerta;7.8;0;0;0;0;0;1;1;0;0;0;0;0;0;0;1;0;0;0;0;0;0
Moonrise Kingdom;7.8;0;0;0;0;1;0;1;0;0;0;0;0;0;0;0;1;0;0;0;0;0
How to Train Your Dragon 2;7.8;0;1;1;0;0;0;0;0;0;0;0;0;0;0;0;0;0;0;0;0;0
The Big Short;7.8;0;0;0;1;1;0;1;0;0;0;0;0;0;0;0;0;0;0;0;0;0
Kokuhaku;7.8;0;0;0;0;0;0;1;0;0;0;0;0;0;0;0;0;0;0;1;0;0
Ang-ma-reul bo-at-da;7.8;0;0;0;0;0;1;1;0;0;0;0;0;0;0;0;0;0;0;0;0;0
The Girl with the Dragon Tattoo;7.8;0;0;0;0;0;1;1;0;0;0;0;0;0;0;1;0;0;0;0;0;0
Captain Phillips;7.8;0;1;0;1;0;1;0;0;0;0;0;0;0;0;0;0;0;0;0;0;0
Ajeossi;7.8;0;0;0;0;0;1;1;0;0;0;0;0;0;0;0;0;0;0;0;0;0
Straight Outta Compton;7.8;0;0;0;1;0;0;1;0;0;0;1;0;0;0;0;0;0;0;0;0;0
Madeo;7.8;0;0;0;0;0;1;1;0;0;0;0;0;0;0;1;0;0;0;0;0;0
Chugyeokja;7.8;0;0;0;0;0;1;0;0;0;0;0;0;0;0;0;0;0;0;1;0;0
The Hobbit: The Desolation of Smaug;7.8;0;1;0;0;0;0;0;0;1;0;0;0;0;0;0;0;0;0;0;0;0
Das weiße Band - Eine deutsche Kindergeschichte;7.8;0;0;0;0;0;0;1;0;0;0;1;0;0;0;1;0;0;0;0;0;0
Män som hatar kvinnor;7.8;0;0;0;0;0;1;1;0;0;0;0;0;0;0;1;0;0;0;0;0;0
The Trial of the Chicago 7;7.8;0;0;0;0;0;0;1;0;0;0;1;0;0;0;0;0;0;0;1;0;0
Druk;7.8;0;0;0;0;1;0;1;0;0;0;0;0;0;0;0;0;0;0;0;0;0
The Fighter;7.8;0;0;0;1;0;0;1;0;0;0;0;0;0;0;0;0;0;1;0;0;0
Taken;7.8;0;0;0;0;0;0;0;0;0;0;0;0;0;0;0;0;0;0;1;0;0
The Boy in the Striped Pyjamas;7.8;0;0;0;0;0;0;1;0;0;0;1;0;0;0;0;0;0;0;0;1;0
Once;7.8;0;0;0;0;0;0;1;0;0;0;0;0;1;0;0;1;0;0;0;0;0
The Hobbit: An Unexpected Journey;7.8;0;1;0;0;0;0;0;0;1;0;0;0;0;0;0;0;0;0;0;0;0
Auf der anderen Seite;7.8;0;0;0;0;0;0;1;0;0;0;0;0;0;0;0;0;0;0;0;0;0
Atonement;7.8;0;0;0;0;0;0;1;0;0;0;0;0;0;0;1;1;0;0;0;0;0
Drive;7.8;0;0;0;0;0;1;1;0;0;0;0;0;0;0;0;0;0;0;0;0;0
American Gangster;7.8;0;0;0;1;0;1;1;0;0;0;0;0;0;0;0;0;0;0;0;0;0
Avatar;7.8;0;1;0;0;0;0;0;0;1;0;0;0;0;0;0;0;0;0;0;0;0
Mr. Nobody;7.8;0;0;0;0;0;0;1;0;1;0;0;0;0;0;0;1;0;0;0;0;0
Apocalypto;7.8;0;1;0;0;0;0;1;0;0;0;0;0;0;0;0;0;0;0;0;0;0
Little Miss Sunshine;7.8;0;0;0;0;1;0;1;0;0;0;0;0;0;0;0;0;0;0;0;0;0
Hot Fuzz;7.8;0;0;0;0;1;0;0;0;0;0;0;0;0;0;1;0;0;0;0;0;0
The Curious Case of Benjamin Button;7.8;0;0;0;0;0;0;1;0;1;0;0;0;0;0;0;1;0;0;0;0;0
Veer-Zaara;7.8;0;0;0;0;0;0;1;1;0;0;0;0;0;1;0;0;0;0;0;0;0
Adams æbler;7.8;0;0;0;0;1;1;1;0;0;0;0;0;0;0;0;0;0;0;0;0;0
Pride & Prejudice;7.8;0;0;0;0;0;0;1;0;0;0;0;0;0;0;0;1;0;0;0;0;0
The World's Fastest Indian;7.8;0;0;0;1;0;0;1;0;0;0;0;0;0;0;0;0;0;1;0;0;0
Tôkyô goddofâzâzu;7.8;0;1;1;0;1;0;0;0;0;0;0;0;0;0;0;0;0;0;0;0;0
Serenity;7.8;0;1;0;0;0;0;0;0;0;0;0;0;0;0;0;0;1;0;0;0;0
Walk the Line;7.8;0;0;0;1;0;0;1;0;0;0;0;0;1;0;0;0;0;0;0;0;0
Ondskan;7.8;0;0;0;0;0;0;1;0;0;0;0;0;0;0;0;0;0;0;0;0;0
The Notebook;7.8;0;0;0;0;0;0;1;0;0;0;0;0;0;0;0;1;0;0;0;0;0
Diarios de motocicleta;7.8;0;1;0;1;0;0;1;0;0;0;0;0;0;0;0;0;0;0;0;0;0
Lilja 4-ever;7.8;0;0;0;0;0;1;1;0;0;0;0;0;0;0;0;0;0;0;0;0;0
Les triplettes de Belleville;7.8;0;0;1;0;1;0;1;0;0;0;0;0;0;0;0;0;0;0;0;0;0
Gongdong gyeongbi guyeok JSA;7.8;0;0;0;0;0;0;1;0;0;0;0;0;0;0;0;0;0;0;1;0;0
The Count of Monte Cristo;7.8;0;1;0;0;0;0;1;0;0;0;0;0;0;0;0;0;0;0;0;0;0
Waking Life;7.8;0;0;1;0;0;0;1;0;1;0;0;0;0;0;0;0;0;0;0;0;0
Remember the Titans;7.8;0;0;0;1;0;0;1;0;0;0;0;0;0;0;0;0;0;1;0;0;0
Wo hu cang long;7.8;0;1;0;0;0;0;0;0;1;0;0;0;0;0;0;0;0;0;0;0;0
Todo sobre mi madre;7.8;0;0;0;0;0;0;1;0;0;0;0;0;0;0;0;0;0;0;0;0;0
Cast Away;7.8;0;1;0;0;0;0;1;0;0;0;0;0;0;0;0;1;0;0;0;0;0
The Boondock Saints;7.8;0;0;0;0;0;1;0;0;0;0;0;0;0;0;0;0;0;0;1;0;0
The Insider;7.8;0;0;0;1;0;0;1;0;0;0;0;0;0;0;0;0;0;0;1;0;0
October Sky;7.8;0;0;0;1;0;0;1;1;0;0;0;0;0;0;0;0;0;0;0;0;0
Shrek;7.8;0;1;1;0;1;0;0;0;0;0;0;0;0;0;0;0;0;0;0;0;0
Titanic;7.8;0;0;0;0;0;0;1;0;0;0;0;0;0;0;0;1;0;0;0;0;0
Hana-bi;7.8;0;0;0;0;0;1;1;0;0;0;0;0;0;0;0;1;0;0;0;0;0
Gattaca;7.8;0;0;0;0;0;0;1;0;0;0;0;0;0;0;0;0;1;0;1;0;0
The Game;7.8;0;0;0;0;0;0;1;0;0;0;0;0;0;0;1;0;0;0;0;0;0
Breaking the Waves;7.8;0;0;0;0;0;0;1;0;0;0;0;0;0;0;0;0;0;0;0;0;0
Ed Wood;7.8;0;0;0;1;1;0;1;0;0;0;0;0;0;0;0;0;0;0;0;0;0
What's Eating Gilbert Grape;7.8;0;0;0;0;0;0;1;0;0;0;0;0;0;0;0;0;0;0;0;0;0
Tombstone;7.8;0;0;0;1;0;0;1;0;0;0;0;0;0;0;0;0;0;0;0;0;0
The Sandlot;7.8;0;0;0;0;1;0;1;1;0;0;0;0;0;0;0;0;0;0;0;0;0
The Remains of the Day;7.8;0;0;0;0;0;0;1;0;0;0;0;0;0;0;0;1;0;0;0;0;0
Naked;7.8;0;0;0;0;1;0;1;0;0;0;0;0;0;0;0;0;0;0;0;0;0
The Fugitive;7.8;0;0;0;0;0;1;1;0;0;0;0;0;0;0;0;0;0;0;0;0;0
A Bronx Tale;7.8;0;0;0;0;0;1;1;0;0;0;0;0;0;0;0;1;0;0;0;0;0
Batman: Mask of the Phantasm;7.8;0;0;1;0;0;1;0;0;0;0;0;0;0;0;0;0;0;0;0;0;0
Lat sau san taam;7.8;0;0;0;0;0;1;0;0;0;0;0;0;0;0;0;0;0;0;1;0;0
Night on Earth;7.8;0;0;0;0;1;0;1;0;0;0;0;0;0;0;0;0;0;0;0;0;0
La double vie de Véronique;7.8;0;0;0;0;0;0;1;0;1;0;0;0;1;0;0;0;0;0;0;0;0
Boyz n the Hood;7.8;0;0;0;0;0;1;1;0;0;0;0;0;0;0;0;0;0;0;0;0;0
Misery;7.8;0;0;0;0;0;0;1;0;0;0;0;0;0;0;0;0;0;0;1;0;0
Awakenings;7.8;0;0;0;1;0;0;1;0;0;0;0;0;0;0;0;0;0;0;0;0;0
Majo no takkyûbin;7.8;0;1;1;0;0;0;1;0;0;0;0;0;0;0;0;0;0;0;0;0;0
Glory;7.8;0;0;0;1;0;0;1;0;0;0;1;0;0;0;0;0;0;0;0;0;0
Dip huet seung hung;7.8;0;0;0;0;0;1;1;0;0;0;0;0;0;0;0;0;0;0;0;0;0
Back to the Future Part II;7.8;0;1;0;0;1;0;0;0;0;0;0;0;0;0;0;0;1;0;0;0;0
Mississippi Burning;7.8;0;0;0;0;0;1;1;0;0;0;1;0;0;0;0;0;0;0;0;0;0
Predator;7.8;0;1;0;0;0;0;0;0;0;0;0;0;0;0;0;0;1;0;0;0;0
Evil Dead II;7.8;0;0;0;0;1;0;0;0;1;0;0;0;0;0;0;0;0;0;0;0;0
Ferris Bueller's Day Off;7.8;0;0;0;0;1;0;0;0;0;0;0;0;0;0;0;0;0;0;0;0;0
Down by Law;7.8;0;0;0;0;1;1;1;0;0;0;0;0;0;0;0;0;0;0;0;0;0
The Goonies;7.8;0;1;0;0;1;0;0;1;0;0;0;0;0;0;0;0;0;0;0;0;0
The Color Purple;7.8;0;0;0;0;0;0;1;0;0;0;0;0;0;0;0;0;0;0;0;0;0
The Breakfast Club;7.8;0;0;0;0;1;0;1;0;0;0;0;0;0;0;0;0;0;0;0;0;0
The Killing Fields;7.8;0;0;0;1;0;0;1;0;0;0;1;0;0;0;0;0;0;0;0;0;0
Ghostbusters;7.8;0;0;0;0;1;0;0;0;1;0;0;0;0;0;0;0;0;0;0;0;0
The Right Stuff;7.8;0;1;0;1;0;0;1;0;0;0;0;0;0;0;0;0;0;0;0;0;0
The King of Comedy;7.8;0;0;0;0;1;1;1;0;0;0;0;0;0;0;0;0;0;0;0;0;0
E.T. the Extra-Terrestrial;7.8;0;0;0;0;0;0;0;1;0;0;0;0;0;0;0;0;1;0;0;0;0
Kramer vs. Kramer;7.8;0;0;0;0;0;0;1;0;0;0;0;0;0;0;0;0;0;0;0;0;0
Days of Heaven;7.8;0;0;0;0;0;0;1;0;0;0;0;0;0;0;0;1;0;0;0;0;0
The Outlaw Josey Wales;7.8;0;0;0;0;0;0;0;0;0;0;0;0;0;0;0;0;0;0;0;0;1
The Man Who Would Be King;7.8;0;1;0;0;0;0;0;0;0;0;1;0;0;0;0;0;0;0;0;1;0
The Conversation;7.8;0;0;0;0;0;0;1;0;0;0;0;0;0;0;1;0;0;0;1;0;0
La planète sauvage;7.8;0;0;1;0;0;0;0;0;0;0;0;0;0;0;0;0;1;0;0;0;0
The Day of the Jackal;7.8;0;0;0;0;0;1;1;0;0;0;0;0;0;0;0;0;0;0;1;0;0
Badlands;7.8;0;0;0;0;0;1;1;0;0;0;0;0;0;0;0;0;0;0;0;0;0
Cabaret;7.8;0;0;0;0;0;0;1;0;0;0;0;0;1;1;0;0;0;0;0;0;0
Willy Wonka & the Chocolate Factory;7.8;0;0;0;0;0;0;0;1;1;0;0;0;0;1;0;0;0;0;0;0;0
Midnight Cowboy;7.8;0;0;0;0;0;0;1;0;0;0;0;0;0;0;0;0;0;0;0;0;0
Wait Until Dark;7.8;0;0;0;0;0;0;0;0;0;0;0;0;0;0;0;0;0;0;1;0;0
Guess Who's Coming to Dinner;7.8;0;0;0;0;1;0;1;0;0;0;0;0;0;0;0;0;0;0;0;0;0
Bonnie and Clyde;7.8;0;0;0;1;0;1;0;0;0;0;0;0;0;0;0;0;0;0;0;0;0
My Fair Lady;7.8;0;0;0;0;0;0;1;1;0;0;0;0;0;1;0;0;0;0;0;0;0
Mary Poppins;7.8;0;0;0;0;1;0;0;1;1;0;0;0;0;0;0;0;0;0;0;0;0
The Longest Day;7.8;0;0;0;0;0;0;1;0;0;0;1;0;0;0;0;0;0;0;0;0;0
Jules et Jim;7.8;0;0;0;0;0;0;1;0;0;0;0;0;0;0;0;1;0;0;0;0;0
The Innocents;7.8;0;0;0;0;0;0;0;0;0;0;0;1;0;0;0;0;0;0;0;0;0
À bout de souffle;7.8;0;0;0;0;0;1;1;0;0;0;0;0;0;0;0;0;0;0;0;0;0
Red River;7.8;0;1;0;0;0;0;1;0;0;0;0;0;0;0;0;0;0;0;0;0;0
Key Largo;7.8;0;0;0;0;0;1;1;0;0;0;0;0;0;0;0;0;0;0;0;0;0
To Have and Have Not;7.8;0;1;0;0;1;0;0;0;0;1;0;0;0;0;0;0;0;0;0;0;0
Shadow of a Doubt;7.8;0;0;0;0;0;0;0;0;0;1;0;0;0;0;0;0;0;0;1;0;0
Stagecoach;7.8;0;1;0;0;0;0;1;0;0;0;0;0;0;0;0;0;0;0;0;0;1
The Lady Vanishes;7.8;0;0;0;0;0;0;0;0;0;0;0;0;0;0;1;0;0;0;1;0;0
Bringing Up Baby;7.8;0;0;0;0;1;0;0;1;0;0;0;0;0;0;0;1;0;0;0;0;0
Bride of Frankenstein;7.8;0;0;0;0;0;0;1;0;0;0;0;1;0;0;0;0;1;0;0;0;0
Duck Soup;7.8;0;0;0;0;1;0;0;0;0;0;0;0;0;1;0;0;0;0;0;1;0
Scarface: The Shame of the Nation;7.8;0;0;0;0;0;1;1;0;0;0;0;0;0;0;0;0;0;0;0;0;0
Frankenstein;7.8;0;0;0;0;0;0;1;0;0;0;0;1;0;0;0;0;1;0;0;0;0
Roma;7.7;0;0;0;0;0;0;1;0;0;0;0;0;0;0;0;0;0;0;0;0;0
God's Own Country;7.7;0;0;0;0;0;0;1;0;0;0;0;0;0;0;0;1;0;0;0;0;0
Deadpool 2;7.7;0;1;0;0;1;0;0;0;0;0;0;0;0;0;0;0;0;0;0;0;0
Wind River;7.7;0;0;0;0;0;1;1;0;0;0;0;0;0;0;1;0;0;0;0;0;0
Get Out;7.7;0;0;0;0;0;0;0;0;0;0;0;1;0;0;1;0;0;0;1;0;0
Mission: Impossible - Fallout;7.7;0;1;0;0;0;0;0;0;0;0;0;0;0;0;0;0;0;0;1;0;0
En man som heter Ove;7.7;0;0;0;0;1;0;1;0;0;0;0;0;0;0;0;1;0;0;0;0;0
What We Do in the Shadows;7.7;0;0;0;0;1;0;0;0;0;0;0;1;0;0;0;0;0;0;0;0;0
Omoide no Mânî;7.7;0;0;1;0;0;0;1;1;0;0;0;0;0;0;0;0;0;0;0;0;0
The Theory of Everything;7.7;0;0;0;1;0;0;1;0;0;0;0;0;0;0;0;1;0;0;0;0;0
Kingsman: The Secret Service;7.7;0;1;0;0;1;0;0;0;0;0;0;0;0;0;0;0;0;0;0;0;0
The Fault in Our Stars;7.7;0;0;0;0;0;0;1;0;0;0;0;0;0;0;0;1;0;0;0;0;0
Me and Earl and the Dying Girl;7.7;0;0;0;0;1;0;1;0;0;0;0;0;0;0;0;0;0;0;0;0;0
Birdman or (The Unexpected Virtue of Ignorance);7.7;0;0;0;0;1;0;1;0;0;0;0;0;0;0;0;0;0;0;0;0;0
La vie d'Adèle;7.7;0;0;0;0;0;0;1;0;0;0;0;0;0;0;0;1;0;0;0;0;0
Kai po che!;7.7;0;0;0;0;0;0;1;0;0;0;0;0;0;0;0;0;0;1;0;0;0
The Broken Circle Breakdown;7.7;0;0;0;0;0;0;1;0;0;0;0;0;1;0;0;1;0;0;0;0;0
Captain America: The Winter Soldier;7.7;0;1;0;0;0;0;0;0;0;0;0;0;0;0;0;0;1;0;0;0;0
Rockstar;7.7;0;0;0;0;0;0;1;0;0;0;0;0;1;1;0;0;0;0;0;0;0
Nebraska;7.7;0;1;0;0;1;0;1;0;0;0;0;0;0;0;0;0;0;0;0;0;0
Wreck-It Ralph;7.7;0;1;1;0;1;0;0;0;0;0;0;0;0;0;0;0;0;0;0;0;0
Le Petit Prince;7.7;0;1;1;0;0;0;1;0;0;0;0;0;0;0;0;0;0;0;0;0;0
Detachment;7.7;0;0;0;0;0;0;1;0;0;0;0;0;0;0;0;0;0;0;0;0;0
Midnight in Paris;7.7;0;0;0;0;1;0;0;0;1;0;0;0;0;0;0;1;0;0;0;0;0
The Lego Movie;7.7;0;1;1;0;0;0;0;0;0;0;0;0;0;0;0;0;0;0;0;0;0
Gravity;7.7;0;0;0;0;0;0;1;0;0;0;0;0;0;0;0;0;1;0;1;0;0
Star Trek Into Darkness;7.7;0;1;0;0;0;0;0;0;0;0;0;0;0;0;0;0;1;0;0;0;0
Beasts of No Nation;7.7;0;0;0;0;0;0;1;0;0;0;0;0;0;0;0;0;0;0;0;1;0
The Social Network;7.7;0;0;0;1;0;0;1;0;0;0;0;0;0;0;0;0;0;0;0;0;0
X: First Class;7.7;0;1;0;0;0;0;0;0;0;0;0;0;0;0;0;0;1;0;0;0;0
The Hangover;7.7;0;0;0;0;1;0;0;0;0;0;0;0;0;0;0;0;0;0;0;0;0
Skyfall;7.7;0;1;0;0;0;0;0;0;0;0;0;0;0;0;0;0;0;0;1;0;0
Silver Linings Playbook;7.7;0;0;0;0;1;0;1;0;0;0;0;0;0;0;0;1;0;0;0;0;0
Argo;7.7;0;0;0;1;0;0;1;0;0;0;0;0;0;0;0;0;0;0;1;0;0
(500) Days of Summer;7.7;0;0;0;0;1;0;1;0;0;0;0;0;0;0;0;1;0;0;0;0;0
Harry Potter and the Deathly Hallows: Part 1;7.7;0;1;0;0;0;0;0;1;1;0;0;0;0;0;0;0;0;0;0;0;0
Gake no ue no Ponyo;7.7;0;1;1;0;1;0;0;0;0;0;0;0;0;0;0;0;0;0;0;0;0
Frost/Nixon;7.7;0;0;0;1;0;0;1;0;0;0;1;0;0;0;0;0;0;0;0;0;0
Papurika;7.7;0;0;1;0;0;0;1;0;1;0;0;0;0;0;0;0;0;0;0;0;0
Changeling;7.7;0;0;0;1;0;1;1;0;0;0;0;0;0;0;0;0;0;0;0;0;0
Flipped;7.7;0;0;0;0;1;0;1;0;0;0;0;0;0;0;0;1;0;0;0;0;0
Toki o kakeru shôjo;7.7;0;1;1;0;1;0;0;0;0;0;0;0;0;0;0;0;0;0;0;0;0
Death Note: Desu nôto;7.7;0;0;0;0;0;1;1;0;1;0;0;0;0;0;0;0;0;0;0;0;0
This Is England;7.7;0;0;0;0;0;1;1;0;0;0;0;0;0;0;0;0;0;0;0;0;0
Ex Machina;7.7;0;0;0;0;0;0;1;0;0;0;0;0;0;0;0;0;1;0;1;0;0
Efter brylluppet;7.7;0;0;0;0;0;0;1;0;0;0;0;0;0;0;0;0;0;0;0;0;0
The Last King of Scotland;7.7;0;0;0;1;0;0;1;0;0;0;1;0;0;0;0;0;0;0;0;0;0
Zodiac;7.7;0;0;0;0;0;1;1;0;0;0;0;0;0;0;1;0;0;0;0;0;0
Lucky Number Slevin;7.7;0;0;0;0;0;1;1;0;0;0;0;0;0;0;0;0;0;0;0;0;0
Joyeux Noël;7.7;0;0;0;0;0;0;1;0;0;0;1;0;1;0;0;0;0;0;0;0;0
Control;7.7;0;0;0;1;0;0;1;0;0;0;0;0;1;0;0;0;0;0;0;0;0
Tangled;7.7;0;1;1;0;1;0;0;0;0;0;0;0;0;0;0;0;0;0;0;0;0
Zwartboek;7.7;0;0;0;0;0;0;1;0;0;0;0;0;0;0;0;0;0;0;1;1;0
Brokeback Mountain;7.7;0;0;0;0;0;0;1;0;0;0;0;0;0;0;0;1;0;0;0;0;0
3:10 to Yuma;7.7;0;0;0;0;0;1;1;0;0;0;0;0;0;0;0;0;0;0;0;0;0
Crash;7.7;0;0;0;0;0;1;1;0;0;0;0;0;0;0;0;0;0;0;1;0;0
Kung fu;7.7;0;0;0;0;1;0;0;0;1;0;0;0;0;0;0;0;0;0;0;0;0
The Bourne Supremacy;7.7;0;0;0;0;0;0;0;0;0;0;0;0;0;0;1;0;0;0;1;0;0
The Machinist;7.7;0;0;0;0;0;0;1;0;0;0;0;0;0;0;0;0;0;0;1;0;0
Ray;7.7;0;0;0;1;0;0;1;0;0;0;0;0;1;0;0;0;0;0;0;0;0
Lost in Translation;7.7;0;0;0;0;1;0;1;0;0;0;0;0;0;0;0;0;0;0;0;0;0
Harry Potter and the Goblet of Fire;7.7;0;1;0;0;0;0;0;1;1;0;0;0;0;0;0;0;0;0;0;0;0
Man on Fire;7.7;0;0;0;0;0;1;1;0;0;0;0;0;0;0;0;0;0;0;0;0;0
Coraline;7.7;0;0;1;0;0;0;1;1;0;0;0;0;0;0;0;0;0;0;0;0;0
The Last Samurai;7.7;0;0;0;0;0;0;1;0;0;0;0;0;0;0;0;0;0;0;0;0;0
The Magdalene Sisters;7.7;0;0;0;0;0;0;1;0;0;0;0;0;0;0;0;0;0;0;0;0;0
Good Bye Lenin!;7.7;0;0;0;0;1;0;1;0;0;0;0;0;0;0;0;1;0;0;0;0;0
In America;7.7;0;0;0;0;0;0;1;0;0;0;0;0;0;0;0;0;0;0;0;0;0
I Am Sam;7.7;0;0;0;0;0;0;1;0;0;0;0;0;0;0;0;0;0;0;0;0;0
Adaptation.;7.7;0;0;0;0;1;0;1;0;0;0;0;0;0;0;0;0;0;0;0;0;0
Black Hawk Down;7.7;0;0;0;0;0;0;1;0;0;0;1;0;0;0;0;0;0;0;0;1;0
Road to Perdition;7.7;0;0;0;0;0;1;1;0;0;0;0;0;0;0;0;0;0;0;1;0;0
Das Experiment;7.7;0;0;0;0;0;0;1;0;0;0;0;0;0;0;0;0;0;0;1;0;0
Billy Elliot;7.7;0;0;0;0;0;0;1;0;0;0;0;0;1;0;0;0;0;0;0;0;0
Hedwig and the Angry Inch;7.7;0;0;0;0;1;0;1;0;0;0;0;0;1;0;0;0;0;0;0;0;0
Ocean's Eleven;7.7;0;0;0;0;0;1;0;0;0;0;0;0;0;0;0;0;0;0;1;0;0
Vampire Hunter D: Bloodlust;7.7;0;0;1;0;0;0;0;0;1;0;0;0;0;0;0;0;0;0;0;0;0
O Brother, Where Art Thou?;7.7;0;1;0;0;1;1;0;0;0;0;0;0;0;0;0;0;0;0;0;0;0
Interstate 60: Episodes of the Road;7.7;0;1;0;0;1;0;1;0;0;0;0;0;0;0;0;0;0;0;0;0;0
South Park: Bigger, Longer & Uncut;7.7;0;0;1;0;1;0;0;0;1;0;0;0;0;0;0;0;0;0;0;0;0
Office Space;7.7;0;0;0;0;1;0;0;0;0;0;0;0;0;0;0;0;0;0;0;0;0
Happiness;7.7;0;0;0;0;1;0;1;0;0;0;0;0;0;0;0;0;0;0;0;0;0
Training Day;7.7;0;0;0;0;0;1;1;0;0;0;0;0;0;0;0;0;0;0;1;0;0
Rushmore;7.7;0;0;0;0;1;0;1;0;0;0;0;0;0;0;0;1;0;0;0;0;0
Abre los ojos;7.7;0;0;0;0;0;0;1;0;0;0;0;0;0;0;1;0;1;0;0;0;0
Being John Malkovich;7.7;0;0;0;0;1;0;1;0;1;0;0;0;0;0;0;0;0;0;0;0;0
As Good as It Gets;7.7;0;0;0;0;1;0;1;0;0;0;0;0;0;0;0;1;0;0;0;0;0
The Fifth Element;7.7;0;1;0;0;0;0;0;0;0;0;0;0;0;0;0;0;1;0;0;0;0
Le dîner de cons;7.7;0;0;0;0;1;0;0;0;0;0;0;0;0;0;0;0;0;0;0;0;0
Donnie Brasco;7.7;0;0;0;1;0;1;1;0;0;0;0;0;0;0;0;0;0;0;0;0;0
Shine;7.7;0;0;0;1;0;0;1;0;0;0;0;0;1;0;0;0;0;0;0;0;0
Primal Fear;7.7;0;0;0;0;0;1;1;0;0;0;0;0;0;0;1;0;0;0;0;0;0
Hamlet;7.7;0;0;0;0;0;0;1;0;0;0;0;0;0;0;0;0;0;0;0;0;0
A Little Princess;7.7;0;0;0;0;0;0;1;1;1;0;0;0;0;0;0;0;0;0;0;0;0
Do lok tin si;7.7;0;0;0;0;1;1;1;0;0;0;0;0;0;0;0;0;0;0;0;0;0
Il postino;7.7;0;0;0;1;1;0;1;0;0;0;0;0;0;0;0;0;0;0;0;0;0
Clerks;7.7;0;0;0;0;1;0;0;0;0;0;0;0;0;0;0;0;0;0;0;0;0
Short Cuts;7.7;0;0;0;0;1;0;1;0;0;0;0;0;0;0;0;0;0;0;0;0;0
Philadelphia;7.7;0;0;0;0;0;0;1;0;0;0;0;0;0;0;0;0;0;0;0;0;0
The Muppet Christmas Carol;7.7;0;0;0;0;1;0;1;1;0;0;0;0;0;0;0;0;0;0;0;0;0
Malcolm X;7.7;0;0;0;1;0;0;1;0;0;0;1;0;0;0;0;0;0;0;0;0;0
The Last of the Mohicans;7.7;0;1;0;0;0;0;1;0;0;0;0;0;0;0;0;0;0;0;0;0;0
Kurenai no buta;7.7;0;1;1;0;1;0;0;0;0;0;0;0;0;0;0;0;0;0;0;0;0
Glengarry Glen Ross;7.7;0;0;0;0;0;1;1;0;0;0;0;0;0;0;1;0;0;0;0;0;0
A Few Good Men;7.7;0;0;0;0;0;0;1;0;0;0;0;0;0;0;0;0;0;0;1;0;0
Fried Green Tomatoes;7.7;0;0;0;0;0;0;1;0;0;0;0;0;0;0;0;0;0;0;0;0;0
Barton Fink;7.7;0;0;0;0;1;0;1;0;0;0;0;0;0;0;0;0;0;0;1;0;0
Miller's Crossing;7.7;0;0;0;0;0;1;1;0;0;0;0;0;0;0;0;0;0;0;1;0;0
Who Framed Roger Rabbit;7.7;0;1;1;0;1;0;0;0;0;0;0;0;0;0;0;0;0;0;0;0;0
Spoorloos;7.7;0;0;0;0;0;0;0;0;0;0;0;0;0;0;1;0;0;0;1;0;0
Withnail & I;7.7;0;0;0;0;1;0;1;0;0;0;0;0;0;0;0;0;0;0;0;0;0
The Last Emperor;7.7;0;0;0;1;0;0;1;0;0;0;1;0;0;0;0;0;0;0;0;0;0
Empire of the Sun;7.7;0;0;0;0;0;0;1;0;0;0;1;0;0;0;0;0;0;0;0;0;0
Der Name der Rose;7.7;0;0;0;0;0;1;1;0;0;0;0;0;0;0;1;0;0;0;0;0;0
Blue Velvet;7.7;0;0;0;0;0;0;1;0;0;0;0;0;0;0;1;0;0;0;1;0;0
The Purple Rose of Cairo;7.7;0;0;0;0;1;0;0;0;1;0;0;0;0;0;0;1;0;0;0;0;0
After Hours;7.7;0;0;0;0;1;1;1;0;0;0;0;0;0;0;0;0;0;0;0;0;0
Zelig;7.7;0;0;0;0;1;0;0;0;0;0;0;0;0;0;0;0;0;0;0;0;0
The Verdict;7.7;0;0;0;0;0;0;1;0;0;0;0;0;0;0;0;0;0;0;0;0;0
Star Trek II: The Wrath of Khan;7.7;0;1;0;0;0;0;0;0;0;0;0;0;0;0;0;0;1;0;0;0;0
First Blood;7.7;0;1;0;0;0;0;0;0;0;0;0;0;0;0;0;0;0;0;0;0;0
Ordinary People;7.7;0;0;0;0;0;0;1;0;0;0;0;0;0;0;0;0;0;0;0;0;0
Airplane!;7.7;0;0;0;0;1;0;0;0;0;0;0;0;0;0;0;0;0;0;0;0;0
Rupan sansei: Kariosutoro no shiro;7.7;0;1;1;0;0;0;0;1;0;0;0;0;0;0;0;0;0;0;0;0;0
Halloween;7.7;0;0;0;0;0;0;0;0;0;0;0;1;0;0;0;0;0;0;1;0;0
Le locataire;7.7;0;0;0;0;0;0;1;0;0;0;0;0;0;0;0;0;0;0;1;0;0
Love and Death;7.7;0;0;0;0;1;0;0;0;0;0;0;0;0;0;0;0;0;0;0;1;0
The Taking of Pelham One Two Three;7.7;0;0;0;0;0;1;0;0;0;0;0;0;0;0;0;0;0;0;1;0;0
Blazing Saddles;7.7;0;0;0;0;1;0;0;0;0;0;0;0;0;0;0;0;0;0;0;0;1
Serpico;7.7;0;0;0;1;0;1;1;0;0;0;0;0;0;0;0;0;0;0;0;0;0
Enter the Dragon;7.7;0;0;0;0;0;1;1;0;0;0;0;0;0;0;0;0;0;0;0;0;0
Deliverance;7.7;0;1;0;0;0;0;1;0;0;0;0;0;0;0;0;0;0;0;1;0;0
The French Connection;7.7;0;0;0;0;0;1;1;0;0;0;0;0;0;0;0;0;0;0;0;0;0
Dirty Harry;7.7;0;0;0;0;0;1;0;0;0;0;0;0;0;0;0;0;0;0;1;0;0
Where Eagles Dare;7.7;0;1;0;0;0;0;0;0;0;0;0;0;0;0;0;0;0;0;0;1;0
The Odd Couple;7.7;0;0;0;0;1;0;0;0;0;0;0;0;0;0;0;0;0;0;0;0;0
The Dirty Dozen;7.7;0;1;0;0;0;0;0;0;0;0;0;0;0;0;0;0;0;0;0;1;0
Belle de jour;7.7;0;0;0;0;0;0;1;0;0;0;0;0;0;0;0;1;0;0;0;0;0
A Man for All Seasons;7.7;0;0;0;1;0;0;1;0;0;0;1;0;0;0;0;0;0;0;0;0;0
Repulsion;7.7;0;0;0;0;0;0;1;0;0;0;0;1;0;0;0;0;0;0;1;0;0
Zulu;7.7;0;0;0;0;0;0;1;0;0;0;1;0;0;0;0;0;0;0;0;1;0
Goldfinger;7.7;0;1;0;0;0;0;0;0;0;0;0;0;0;0;0;0;0;0;1;0;0
The Birds;7.7;0;0;0;0;0;0;1;0;0;0;0;1;0;0;1;0;0;0;0;0;0
Cape Fear;7.7;0;0;0;0;0;0;1;0;0;0;0;0;0;0;0;0;0;0;1;0;0
Peeping Tom;7.7;0;0;0;0;0;0;1;0;0;0;0;1;0;0;0;0;0;0;1;0;0
The Magnificent Seven;7.7;0;1;0;0;0;0;0;0;0;0;0;0;0;0;0;0;0;0;0;0;1
Les yeux sans visage;7.7;0;0;0;0;0;0;1;0;0;0;0;1;0;0;0;0;0;0;0;0;0
Invasion of the Body Snatchers;7.7;0;0;0;0;0;0;1;0;0;0;0;1;0;0;0;0;1;0;0;0;0
Rebel Without a Cause;7.7;0;0;0;0;0;0;1;0;0;0;0;0;0;0;0;0;0;0;0;0;0
The Ladykillers;7.7;0;0;0;0;1;1;0;0;0;0;0;0;0;0;0;0;0;0;0;0;0
Sabrina;7.7;0;0;0;0;1;0;1;0;0;0;0;0;0;0;0;1;0;0;0;0;0
The Quiet Man;7.7;0;0;0;0;1;0;1;0;0;0;0;0;0;0;0;1;0;0;0;0;0
The Day the Earth Stood Still;7.7;0;0;0;0;0;0;1;0;0;0;0;0;0;0;0;0;1;0;0;0;0
The African Queen;7.7;0;1;0;0;0;0;1;0;0;0;0;0;0;0;0;1;0;0;0;0;0
Gilda;7.7;0;0;0;0;0;0;1;0;0;1;0;0;0;0;0;1;0;0;0;0;0
Fantasia;7.7;0;0;1;0;0;0;0;1;1;0;0;0;0;0;0;0;0;0;0;0;0
The Invisible Man;7.7;0;0;0;0;0;0;0;0;0;0;0;1;0;0;0;0;1;0;0;0;0
Dark Waters;7.6;0;0;0;1;0;0;1;0;0;0;1;0;0;0;0;0;0;0;0;0;0
Searching;7.6;0;0;0;0;0;0;1;0;0;0;0;0;0;0;1;0;0;0;1;0;0
Once Upon a Time... in Hollywood;7.6;0;0;0;0;1;0;1;0;0;0;0;0;0;0;0;0;0;0;0;0;0
Nelyubov;7.6;0;0;0;0;0;0;1;0;0;0;0;0;0;0;0;0;0;0;0;0;0
The Florida Project;7.6;0;0;0;0;0;0;1;0;0;0;0;0;0;0;0;0;0;0;0;0;0
Just Mercy;7.6;0;0;0;1;0;1;1;0;0;0;0;0;0;0;0;0;0;0;0;0;0
Gifted;7.6;0;0;0;0;0;0;1;0;0;0;0;0;0;0;0;0;0;0;0;0;0
The Peanut Butter Falcon;7.6;0;1;0;0;1;0;1;0;0;0;0;0;0;0;0;0;0;0;0;0;0
Victoria;7.6;0;0;0;0;0;1;1;0;0;0;0;0;0;0;0;1;0;0;0;0;0
Mustang;7.6;0;0;0;0;0;0;1;0;0;0;0;0;0;0;0;0;0;0;0;0;0
Guardians of the Galaxy Vol. 2;7.6;0;1;0;0;1;0;0;0;0;0;0;0;0;0;0;0;0;0;0;0;0
Baby Driver;7.6;0;0;0;0;0;1;1;0;0;0;0;0;0;0;0;0;0;0;0;0;0
Only the Brave;7.6;0;0;0;1;0;0;1;0;0;0;0;0;0;0;0;0;0;0;0;0;0
Bridge of Spies;7.6;0;0;0;0;0;0;1;0;0;0;1;0;0;0;0;0;0;0;1;0;0
Incredibles 2;7.6;0;1;1;0;0;0;0;0;0;0;0;0;0;0;0;0;0;0;0;0;0
Moana;7.6;0;1;1;0;1;0;0;0;0;0;0;0;0;0;0;0;0;0;0;0;0
Sicario;7.6;0;0;0;0;0;1;1;0;0;0;0;0;0;0;0;0;0;0;0;0;0
Creed;7.6;0;0;0;0;0;0;1;0;0;0;0;0;0;0;0;0;0;1;0;0;0
Leviafan;7.6;0;0;0;0;0;1;1;0;0;0;0;0;0;0;0;0;0;0;0;0;0
Hell or High Water;7.6;0;0;0;0;0;1;1;0;0;0;0;0;0;0;0;0;0;0;0;0;0
Philomena;7.6;0;0;0;1;1;0;1;0;0;0;0;0;0;0;0;0;0;0;0;0;0
Dawn of the Planet of the Apes;7.6;0;1;0;0;0;0;1;0;0;0;0;0;0;0;0;0;0;0;0;0;0
El cuerpo;7.6;0;0;0;0;0;0;0;0;0;0;0;0;0;0;1;0;0;0;1;0;0
Serbuan maut;7.6;0;0;0;0;0;0;0;0;0;0;0;0;0;0;0;0;0;0;1;0;0
End of Watch;7.6;0;0;0;0;0;1;1;0;0;0;0;0;0;0;0;0;0;0;0;0;0
Kari-gurashi no Arietti;7.6;0;1;1;0;0;0;0;1;0;0;0;0;0;0;0;0;0;0;0;0;0
A Star Is Born;7.6;0;0;0;0;0;0;1;0;0;0;0;0;1;0;0;1;0;0;0;0;0
True Grit;7.6;0;0;0;0;0;0;1;0;0;0;0;0;0;0;0;0;0;0;0;0;1
Hævnen;7.6;0;0;0;0;0;0;1;0;0;0;0;0;0;0;0;1;0;0;0;0;0
Despicable Me;7.6;0;0;1;0;1;1;0;0;0;0;0;0;0;0;0;0;0;0;0;0;0
50/50;7.6;0;0;0;0;1;0;1;0;0;0;0;0;0;0;0;1;0;0;0;0;0
Kick-Ass;7.6;0;0;0;0;1;1;0;0;0;0;0;0;0;0;0;0;0;0;0;0;0
Celda 211;7.6;0;1;0;0;0;1;0;0;0;0;0;0;0;0;0;0;0;0;0;0;0
Moneyball;7.6;0;0;0;1;0;0;1;0;0;0;0;0;0;0;0;0;0;1;0;0;0
La piel que habito;7.6;0;0;0;0;0;0;1;0;0;0;0;1;0;0;0;0;0;0;1;0;0
Zombieland;7.6;0;1;0;0;1;0;0;0;1;0;0;0;0;0;0;0;0;0;0;0;0
Die Welle;7.6;0;0;0;0;0;0;1;0;0;0;0;0;0;0;0;0;0;0;1;0;0
Sherlock Holmes;7.6;0;1;0;0;0;0;0;0;0;0;0;0;0;0;1;0;0;0;0;0;0
The Blind Side;7.6;0;0;0;1;0;0;1;0;0;0;0;0;0;0;0;0;0;1;0;0;0
The Visitor;7.6;0;0;0;0;0;0;1;0;0;0;0;0;0;0;0;0;0;0;0;0;0
Seven Pounds;7.6;0;0;0;0;0;0;1;0;0;0;0;0;0;0;0;0;0;0;0;0;0
Eastern Promises;7.6;0;0;0;0;0;1;1;0;0;0;0;0;0;0;0;0;0;0;0;0;0
Stardust;7.6;0;1;0;0;0;0;0;1;1;0;0;0;0;0;0;0;0;0;0;0;0
The Secret of Kells;7.6;0;1;1;0;0;0;0;1;0;0;0;0;0;0;0;0;0;0;0;0;0
Inside Man;7.6;0;0;0;0;0;1;1;0;0;0;0;0;0;0;1;0;0;0;0;0;0
Gone Baby Gone;7.6;0;0;0;0;0;1;1;0;0;0;0;0;0;0;1;0;0;0;0;0;0
La Vie En Rose;7.6;0;0;0;1;0;0;1;0;0;0;0;0;1;0;0;0;0;0;0;0;0
Huo Yuan Jia;7.6;0;0;0;1;0;0;1;0;0;0;0;0;0;0;0;0;0;0;0;0;0
The Illusionist;7.6;0;0;0;0;0;0;1;0;1;0;0;0;0;0;1;0;0;0;0;0;0
Dead Man's Shoes;7.6;0;0;0;0;0;1;1;0;0;0;0;0;0;0;0;0;0;0;1;0;0
Harry Potter and the Half-Blood Prince;7.6;0;1;0;0;0;0;0;1;0;0;0;0;0;0;0;0;0;0;0;0;0
300;7.6;0;0;0;0;0;0;1;0;0;0;0;0;0;0;0;0;0;0;0;0;0
Match Point;7.6;0;0;0;0;0;0;1;0;0;0;0;0;0;0;0;1;0;0;1;0;0
Watchmen;7.6;0;0;0;0;0;0;1;0;0;0;0;0;0;0;1;0;0;0;0;0;0
Lord of War;7.6;0;0;0;0;0;1;1;0;0;0;0;0;0;0;0;0;0;0;0;0;0
Saw;7.6;0;0;0;0;0;0;0;0;0;0;0;1;0;0;1;0;0;0;1;0;0
Synecdoche, New York;7.6;0;0;0;0;0;0;1;0;0;0;0;0;0;0;0;0;0;0;0;0;0
Mysterious Skin;7.6;0;0;0;0;0;0;1;0;0;0;0;0;0;0;0;0;0;0;0;0;0
Jeux d'enfants;7.6;0;0;0;0;1;0;1;0;0;0;0;0;0;0;0;1;0;0;0;0;0
Un long dimanche de fiançailles;7.6;0;0;0;0;0;0;1;0;0;0;0;0;0;0;1;1;0;0;0;0;0
The Station Agent;7.6;0;0;0;0;1;0;1;0;0;0;0;0;0;0;0;0;0;0;0;0;0
21 Grams;7.6;0;0;0;0;0;1;1;0;0;0;0;0;0;0;0;0;0;0;1;0;0
Boksuneun naui geot;7.6;0;0;0;0;0;1;1;0;0;0;0;0;0;0;0;0;0;0;1;0;0
Finding Neverland;7.6;0;0;0;1;0;0;1;1;0;0;0;0;0;0;0;0;0;0;0;0;0
25th Hour;7.6;0;0;0;0;0;0;1;0;0;0;0;0;0;0;0;0;0;0;0;0;0
The Butterfly Effect;7.6;0;0;0;0;0;0;1;0;0;0;0;0;0;0;0;0;1;0;1;0;0
28 Days Later...;7.6;0;0;0;0;0;0;1;0;0;0;0;1;0;0;0;0;1;0;0;0;0
Batoru rowaiaru;7.6;0;1;0;0;0;0;1;0;0;0;0;0;0;0;0;0;0;0;0;0;0
The Royal Tenenbaums;7.6;0;0;0;0;1;0;1;0;0;0;0;0;0;0;0;0;0;0;0;0;0
Y tu mamá también;7.6;0;0;0;0;0;0;1;0;0;0;0;0;0;0;0;0;0;0;0;0;0
Harry Potter and the Sorcerer's Stone;7.6;0;1;0;0;0;0;0;1;1;0;0;0;0;0;0;0;0;0;0;0;0
The Others;7.6;0;0;0;0;0;0;0;0;0;0;0;1;0;0;1;0;0;0;1;0;0
Blow;7.6;0;0;0;1;0;1;1;0;0;0;0;0;0;0;0;0;0;0;0;0;0
Enemy at the Gates;7.6;0;0;0;0;0;0;1;0;0;0;1;0;0;0;0;0;0;0;0;1;0
Minority Report;7.6;0;0;0;0;0;1;0;0;0;0;0;0;0;0;1;0;0;0;0;0;0
The Hurricane;7.6;0;0;0;1;0;0;1;0;0;0;0;0;0;0;0;0;0;1;0;0;0
American Psycho;7.6;0;0;0;0;1;1;1;0;0;0;0;0;0;0;0;0;0;0;0;0;0
Lola rennt;7.6;0;0;0;0;0;1;1;0;0;0;0;0;0;0;0;0;0;0;1;0;0
The Thin Red Line;7.6;0;0;0;0;0;0;1;0;0;0;0;0;0;0;0;0;0;0;0;1;0
Mulan;7.6;0;1;1;0;0;0;0;1;0;0;0;0;0;0;0;0;0;0;0;0;0
Fear and Loathing in Las Vegas;7.6;0;1;0;0;1;0;1;0;0;0;0;0;0;0;0;0;0;0;0;0;0
Funny Games;7.6;0;0;0;0;0;1;1;0;0;0;0;0;0;0;0;0;0;0;1;0;0
Dark City;7.6;0;0;0;0;0;0;0;0;0;0;0;0;0;0;1;0;1;0;1;0;0
Sleepers;7.6;0;0;0;0;0;1;1;0;0;0;0;0;0;0;0;0;0;0;1;0;0
Lost Highway;7.6;0;0;0;0;0;0;0;0;0;0;0;0;0;0;1;0;0;0;1;0;0
Sense and Sensibility;7.6;0;0;0;0;0;0;1;0;0;0;0;0;0;0;0;1;0;0;0;0;0
Die Hard: With a Vengeance;7.6;0;1;0;0;0;0;0;0;0;0;0;0;0;0;0;0;0;0;1;0;0
Dead Man;7.6;0;1;0;0;0;0;1;0;1;0;0;0;0;0;0;0;0;0;0;0;0
The Bridges of Madison County;7.6;0;0;0;0;0;0;1;0;0;0;0;0;0;0;0;1;0;0;0;0;0
Apollo 13;7.6;0;1;0;0;0;0;1;0;0;0;1;0;0;0;0;0;0;0;0;0;0
Trois couleurs: Blanc;7.6;0;0;0;0;1;0;1;0;0;0;0;0;0;0;0;1;0;0;0;0;0
Falling Down;7.6;0;0;0;0;0;1;1;0;0;0;0;0;0;0;0;0;0;0;0;0;0
Dazed and Confused;7.6;0;0;0;0;1;0;0;0;0;0;0;0;0;0;0;0;0;0;0;0;0
My Cousin Vinny;7.6;0;0;0;0;1;1;0;0;0;0;0;0;0;0;0;0;0;0;0;0;0
Omohide poro poro;7.6;0;0;1;0;0;0;1;0;0;0;0;0;0;0;0;1;0;0;0;0;0
Delicatessen;7.6;0;0;0;0;1;1;0;0;0;0;0;0;0;0;0;0;0;0;0;0;0
Home Alone;7.6;0;0;0;0;1;0;0;1;0;0;0;0;0;0;0;0;0;0;0;0;0
The Godfather: Part III;7.6;0;0;0;0;0;1;1;0;0;0;0;0;0;0;0;0;0;0;0;0;0
When Harry Met Sally...;7.6;0;0;0;0;1;0;1;0;0;0;0;0;0;0;0;1;0;0;0;0;0
The Little Mermaid;7.6;0;0;1;0;0;0;0;1;1;0;0;0;0;0;0;0;0;0;0;0;0
The Naked Gun: From the Files of Police Squad!;7.6;0;0;0;0;1;1;0;0;0;0;0;0;0;0;0;0;0;0;0;0;0
Planes, Trains & Automobiles;7.6;0;0;0;0;1;0;1;0;0;0;0;0;0;0;0;0;0;0;0;0;0
Lethal Weapon;7.6;0;0;0;0;0;1;0;0;0;0;0;0;0;0;0;0;0;0;1;0;0
Blood Simple;7.6;0;0;0;0;0;1;1;0;0;0;0;0;0;0;0;0;0;0;1;0;0
On Golden Pond;7.6;0;0;0;0;0;0;1;0;0;0;0;0;0;0;0;0;0;0;0;0;0
Mad Max 2;7.6;0;1;0;0;0;0;0;0;0;0;0;0;0;0;0;0;1;0;0;0;0
The Warriors;7.6;0;0;0;0;0;1;0;0;0;0;0;0;0;0;0;0;0;0;1;0;0
The Muppet Movie;7.6;0;1;0;0;1;0;0;1;0;0;0;0;0;0;0;0;0;0;0;0;0
Escape from Alcatraz;7.6;0;0;0;1;0;1;0;0;0;0;0;0;0;0;0;0;0;0;0;0;0
Watership Down;7.6;0;1;1;0;0;0;1;0;0;0;0;0;0;0;0;0;0;0;0;0;0
Midnight Express;7.6;0;0;0;1;0;1;1;0;0;0;0;0;0;0;0;0;0;0;0;0;0
Close Encounters of the Third Kind;7.6;0;0;0;0;0;0;1;0;0;0;0;0;0;0;0;0;1;0;0;0;0
The Long Goodbye;7.6;0;0;0;0;1;1;1;0;0;0;0;0;0;0;0;0;0;0;0;0;0
Giù la testa;7.6;0;0;0;0;0;0;1;0;0;0;0;0;0;0;0;0;0;0;0;1;1
Kelly's Heroes;7.6;0;1;0;0;1;0;0;0;0;0;0;0;0;0;0;0;0;0;0;1;0
The Jungle Book;7.6;0;1;1;0;0;0;0;1;0;0;0;0;0;0;0;0;0;0;0;0;0
Blowup;7.6;0;0;0;0;0;0;1;0;0;0;0;0;0;0;1;0;0;0;1;0;0
A Hard Day's Night;7.6;0;0;0;0;1;0;0;0;0;0;0;0;1;1;0;0;0;0;0;0;0
Breakfast at Tiffany's;7.6;0;0;0;0;1;0;1;0;0;0;0;0;0;0;0;1;0;0;0;0;0
Giant;7.6;0;0;0;0;0;0;1;0;0;0;0;0;0;0;0;0;0;0;0;0;1
From Here to Eternity;7.6;0;0;0;0;0;0;1;0;0;0;0;0;0;0;0;1;0;0;0;1;0
Lifeboat;7.6;0;0;0;0;0;0;1;0;0;0;0;0;0;0;0;0;0;0;0;1;0
The 39 Steps;7.6;0;0;0;0;0;1;0;0;0;0;0;0;0;0;1;0;0;0;1;0;0
